1.e-11	4.171744925409822	20.07636131561027	15.904616390200447	23.304087207770085	11.908089750606207	12.817648367514186
1.0232929922807536e-11	4.138525764252364	20.01982165392068	15.881295889668317	23.265199786339586	11.88517498380133	12.778959336233676
1.0471285480508986e-11	4.105033577980134	19.962991663628486	15.857958085648352	23.225882771635806	11.862260917120874	12.740407359227044
1.0715193052376049e-11	4.071260471054515	19.905862327955735	15.834601856901221	23.186123530710518	11.839347515274332	12.701994187845168
1.0964781961431828e-11	4.037198309190845	19.84842431013817	15.811226000947325	23.145909031333616	11.81643474156358	12.663721559321083
1.1220184543019653e-11	4.002838713319402	19.790667940770614	15.787829227451214	23.105225829380526	11.793522557887824	12.62559119476385
1.148153621496884e-11	3.9681730536340076	19.732583204637056	15.764410151003048	23.064060055904847	11.77061092476515	12.587604797073485
1.1748975549395303e-11	3.933192443770409	19.674159727007307	15.740967283236898	23.022397403896907	11.747699801346192	12.549764048795515
1.202264434617413e-11	3.897887735163817	19.61538675938228	15.717499024218462	22.980223114731633	11.724789145436757	12.512070609910468
1.2302687708123811e-11	3.8622495116425135	19.556253164669624	15.69400365302711	22.937521964308992	11.701878913526873	12.47452611555567
1.2589254117941662e-11	3.8262680843215513	19.496747401771373	15.670479317449821	22.894278248891933	11.678969060817304	12.437132173696828
1.2882495516931322e-11	3.7899334868718633	19.436857509565847	15.646924022693986	22.8504757706482	11.65605954125896	12.399890362724188
1.3182567385564048e-11	3.753235471248729	19.3765710902656	15.62333561901687	22.806097822903208	11.633150307585472	12.362802229011487
1.348962882591656e-11	3.716163503977313	19.31587529213432	15.599711788157006	22.76112717511326	11.610241311360172	12.325869284404847
1.3803842646028866e-11	3.6787067631050867	19.254756791545354	15.57605002844027	22.715546057569185	11.587332503022875	12.289093003672608
1.4125375446227554e-11	3.6408541359468423	19.193201774365534	15.552347638418693	22.6693361458427	11.564423831940084	12.252474821902528
1.445439770745928e-11	3.6025942177655246	19.131195916648878	15.528601698883353	22.62247854498883	11.541515246461321	12.216016131867491
1.4791083881682073e-11	3.563915311550417	19.068724364625442	15.504809053075025	22.574953773520217	11.518606693979594	12.17971828134243
1.5135612484362072e-11	3.524805429076963	19.00577171397197	15.480966284895008	22.526741747169705	11.495698120996057	12.143582570399571
1.5488166189124796e-11	3.485252293456341	18.94232198835241	15.45706969489607	22.477821762460557	11.472789473188284	12.10761024867387
1.5848931924611107e-11	3.4452433434110645	18.878358617218076	15.433115273807012	22.42817248010487	11.449880695483234	12.071802512612301
1.621810097358933e-11	3.404765739542931	18.813864412859086	15.409098673316155	22.377771908252466	11.426971732134893	12.036160502706643
1.659586907437563e-11	3.3638063728953895	18.748821546701098	15.385015173805709	22.326597385614658	11.404062526803756	12.000685300731162
1.698243652461746e-11	3.322351876150563	18.68321152484381	15.360859648693246	22.27462556448882	11.381153022642742	11.965377926972991
1.7378008287493762e-11	3.2803886378452596	18.61701516284077	15.336626524995507	22.2218323937115	11.358243162384504	11.930239337482224
1.7782794100389227e-11	3.237902820039288	18.550212559723235	15.312309739683945	22.168193101569436	11.33533288843309	11.895270421338047
1.8197008586099825e-11	3.194880379923706	18.482783071274532	15.287902691350824	22.113682178699257	11.312422142958821	11.860471997955424
1.8620871366628657e-11	3.1513070959179785	18.414705282565382	15.263398186647402	22.058273361008126	11.289510867996986	11.825844814418241
1.9054607179632443e-11	3.1071685988733826	18.34595697976548	15.238788380892098	22.001939612648677	11.266599005544652	11.79138954287687
1.9498445997580414e-11	3.062450409075133	18.27651512125125	15.214064712176118	21.944653109082612	11.24368649766625	11.75710677800122
1.9952623149688828e-11	3.0171379798202658	18.20635580803535	15.189217828215085	21.886385220268142	11.220773286595183	11.722997034514346
2.0417379446695317e-11	2.9712167484415026	18.135454253549568	15.164237505108064	21.82710649400652	11.197859314841178	11.68906074480426
2.089296130854041e-11	2.924672195749473	18.063784752818677	15.139112557069204	21.766786639483566	11.174944525296569	11.65529825664415
2.1379620895022323e-11	2.8774899149793995	17.99132065107048	15.113830736091082	21.70539451104109	11.152028861342146	11.62170983101268
2.187761623949552e-11	2.829655691451226	17.91803431183386	15.088378620382636	21.642898092213194	11.129112266956136	11.588295640049797
2.2387211385683377e-11	2.7811555942868367	17.84389708458503	15.062741490298194	21.579264480060356	11.106194686821038	11.55505576514159
2.29086765276777e-11	2.7319760816731424	17.768879272010103	15.036903190336961	21.514459869833267	11.083276066428756	11.52199019516114
2.344228815319918e-11	2.682104121315522	17.69295009696091	15.010845975645388	21.448449539995497	11.060356352188563	11.489098824866627
2.3988329190194948e-11	2.6315273278907014	17.616077669189806	14.984550341299107	21.381197837631795	11.037435491527686	11.456381453483635
2.4547089156850335e-11	2.5802341194804406	17.538228951958466	14.957994832478024	21.31266816426494	11.014513432992413	11.4238377834706
2.5118864315095823e-11	2.5282138951448196	17.459369728624857	14.931155833480037	21.242822962099922	10.991590126348857	11.391467419490231
2.5703957827688646e-11	2.475457235970289	17.379464569322273	14.904007333351982	21.171623700710043	10.968665522673971	11.359269867595955
2.6302679918953815e-11	2.421956132100302	17.298476797853212	14.87652066575291	21.09903086417313	10.945739574449814	11.32724453464189
2.6915348039269138e-11	2.3677042384127063	17.216368458930276	14.84866422051757	21.025003938660998	10.922812235647346	11.295390727931307
2.7542287033381634e-11	2.312697161640596	17.13310028590458	14.820403124263983	20.949501400477647	10.899883461809816	11.263707655116125
2.8183829312644493e-11	2.2569327818245135	17.048631669130486	14.791698887305973	20.872480704534965	10.876953210127796	11.23219442434869
2.8840315031266117e-11	2.200411611014342	16.96292062512237	14.762509014108026	20.793898273246274	10.854021439509216	11.200850044703358
2.9512092266663903e-11	2.1431371920846694	16.875923766665373	14.732786574580702	20.713709485809844	10.831088110643957	11.169673426870643
3.019951720402019e-11	2.0851165403537415	16.787596274046535	14.702479733692792	20.631868667845534	10.80815318605972	11.138663384128172
3.090295432513592e-11	2.0263606303647705	16.6978918675762	14.671531237211429	20.54832908133819	10.78521663017419	11.107818633598534
3.1622776601683794e-11	1.9668849296479607	16.606762781570108	14.639877851922146	20.46304291483238	10.762278409334854	11.077137797792364
3.235936569296281e-11	1.9067099804744174	16.514159739961887	14.607449759487467	20.37596127381261	10.739338491855227	11.046619406440207
3.311311214825908e-11	1.845862029465632	16.420031933711577	14.574169904245943	20.287034171194207	10.716396848041288	11.016261898610631
3.38844156139202e-11	1.7843737033555094	16.324327000169344	14.539953296813835	20.196210517840115	10.693453450209786	10.986063625117282
3.4673685045253096e-11	1.7222847271236148	16.226991004543624	14.50470627742001	20.103438113009712	10.670508272698894	10.956022851204484
3.548133892335761e-11	1.6596426780310622	16.127968423609666	14.468325745578605	20.008663634636953	10.647561291868985	10.926137759509242
3.6307805477010174e-11	1.5965037656986212	16.027202131777567	14.430698366078946	19.911832629327428	10.62461248609648	10.896406453289222
3.7153522909717275e-11	1.5329336241812648	15.924633389617668	14.391699765436403	19.812889501956008	10.601661835758515	10.86682695991013
3.801893963205613e-11	1.4690080969533454	15.820201834917071	14.351193737963726	19.71177750474133	10.578709323210113	10.837397234573348
3.8904514499428045e-11	1.404813989805831	15.713845476311525	14.309031486505694	19.60843872566788	10.555754932750148	10.80811516427768
3.9810717055349695e-11	1.340449759927953	15.60550068950457	14.265050929576617	19.502814076122576	10.532798650584757	10.778978571990665
4.073802778041122e-11	1.2760261020665986	15.49510221604929	14.219076113982691	19.39484327761125	10.509840464777431	10.749985221018111
4.1686938347033464e-11	1.2116663849381268	15.382583164627931	14.170916779689804	19.284464847419056	10.48688036519581	10.721132819546659
4.2657951880159344e-11	1.1475068835190747	15.267875014721744	14.12036813120267	19.17161608308058	10.463918343449071	10.692419025340154
4.3651583224016655e-11	1.0836967461964022	15.150907622518059	14.067210876321656	19.05623304552786	10.440954392819862	10.663841450565565
4.4668359215096346e-11	1.0203976310073237	15.03160922885397	14.011211597846646	18.938250540789372	10.417988508190115	10.635397666724055
4.570881896148752e-11	0.957782943580785	14.9099064689486	13.952123525367815	18.817602100119643	10.395020685961693	10.607085209660049
4.6773514128719814e-11	0.8960366123367116	14.785724383627185	13.889687771290474	18.694219958447306	10.372050923970386	10.578901584626088
4.78630092322638e-11	0.8353513455084283	14.658986431693851	13.823635086185423	18.56803503103878	10.349079221397881	10.5508442713681
4.897788193684456e-11	0.7759263309939755	14.529614503065241	13.753688172071266	18.438976888287378	10.326105578678856	10.52291072921205
5.011872336272715e-11	0.7179643648588829	14.39752893223637	13.679564567377486	18.306973728549163	10.303129997404188	10.495098402118392
5.1286138399136583e-11	0.6616684276742113	14.262648511614106	13.600980083939895	18.17195234896176	10.280152480223535	10.467404723679392
5.248074602497734e-11	0.6072377688042536	14.124890504224076	13.517652735419823	18.033838114197437	10.257173030745115	10.439827122030511
5.370317963702533e-11	0.5548636048429216	13.984170655273909	13.429307050430987	17.89255492311662	10.234191653433612	10.41236302465246
5.495408738576248e-11	0.5047245856671907	13.840403202042847	13.335678616375656	17.748025173306093	10.211208353509488	10.385009863035176
5.6234132519034906e-11	0.4569822246812514	13.693500881562674	13.236518656881422	17.600169723501207	10.18822313684689	10.357765077183592
5.7543993733715666e-11	0.4117765225929766	13.543374935561406	13.13159841296843	17.44890785390942	10.165236009872698	10.330626119940204
5.888436553555884e-11	0.3692220304053144	13.389935112158362	13.020713081753048	17.294157224468886	10.142246979467187	10.303590461106234
6.025595860743569e-11	0.3294045923796993	13.233089663827418	12.903685071447718	17.13583383109279	10.119256052866401	10.276655591342013
6.16595001861481e-11	0.2923789811167694	13.072745341185318	12.780366360068548	16.973851959966566	10.09626323756698	10.249819025832508
6.309573444801942e-11	0.2581675854755936	12.908807382213022	12.650639796737428	16.80812413998217	10.073268541232903	10.223078307702425
6.456542290346562e-11	0.22676024226868208	12.7411794965806	12.514419254311917	16.63856109341038	10.050271971607078	10.19643101117232
6.606934480075964e-11	0.1981152220814728	12.56976384481845	12.371648622736977	16.465071684929836	10.027273536425035	10.169874744446195
6.760829753919819e-11	0.17216129763691868	12.394461012161676	12.222299714524757	16.287562869151614	10.004273243332626	10.143407152325212
6.918309709189363e-11	0.14880074956727185	12.215169976986372	12.0663692274191	16.105939636800635	9.98127109980866	10.117025918545423
7.079457843841374e-11	0.13246165474875937	12.031788073859925	11.903874966358742	15.920104959742211	9.9582671130909	10.090728767839659
7.244359600749891e-11	0.129252177617321	11.84421095134051	11.734851561920621	15.729959735078157	9.935261290106684	10.064513467724005
7.413102413009162e-11	0.1261241926073744	11.652332524786424	11.559345933633892	15.53540272858256	9.912253637408162	10.038377830015536
7.585775750291851e-11	0.12307555097513045	11.456044924576794	11.37741273548529	15.336330517811327	9.88924416111188	10.012319712087011
7.762471166286927e-11	0.12010415102675687	11.255238440307412	11.189109991878713	15.132637435307508	9.86623286684247	9.986337017869227
7.943282347242822e-11	0.11720793892755665	11.049801461716607	10.994495091150077	14.924215512447487	9.84321975968114	9.960427698608697
8.128305161640995e-11	0.11438490927851319	10.839620417333343	10.793621256761362	14.710954424649024	9.820204844118335	9.934589753396848
8.317637711026709e-11	0.11163310547114058	10.624579712139417	10.586534569190137	14.492741438909542	9.79718812401039	9.90882122948153
8.511380382023759e-11	0.1089506198367367	10.404561665935898	10.373271568734811	14.269461364999131	9.774169602539837	9.883120222376574
8.709635899560797e-11	0.1063355936060777	10.179446454644202	10.153857433882974	14.040996512140937	9.75114928218011	9.857484875786188
8.912509381337441e-11	0.10378621669461197	9.949112057524784	9.928304702983068	13.807226653743863	9.728127164662977	9.83191338135759
9.120108393559115e-11	0.10130072733188555	9.713434214362792	9.69661248895277	13.56802900380957	9.705103250949646	9.806403978281532
9.332543007969924e-11	0.0988774115495179	9.472286398201579	9.45876612705397	13.323278210168045	9.682077541204903	9.78095495275442
9.549925860214369e-11	0.09651460254671562	9.22553981142556	9.214737193318793	13.072846371928946	9.65905003477345	9.755564637320166
9.772372209558111e-11	0.09421067994720111	8.973063416243178	8.964483834885158	12.816603091804552	9.636020730159741	9.730231410106942
1.e-10	0.0919640689650425	8.714724015400469	8.707951362334645	12.554415578768973	9.612989625008574	9.704953693973616
1.0232929922807537e-10	0.08977323949324578	8.450386406037005	8.445073067591238	12.286148823633791	9.589956716088844	9.67972995558209
1.0471285480508985e-10	0.08763670512931832	8.179913640140592	8.175771249132202	12.011665880704241	9.566921999278422	9.65455870440774
1.0715193052376048e-10	0.08555302215055072	7.903167440849602	7.899958450150249	11.730828304515464	9.543885469550675	9.629438491701226
1.0964781961431829e-10	0.0835207884528053	7.620008847631713	7.617538947047514	11.443496814472628	9.520847120961918	9.604367909414723
1.1220184543019652e-10	0.08153864246071052	7.33029919936979	7.328410569089076	11.149532296264958	9.49780694664028	9.57934558910099
1.1481536214968841e-10	0.07960526202179175	7.03390161917728	7.0324669915404225	10.84879730375924	9.474764938775111	9.554370200796903
1.1748975549395304e-10	0.07771936329243978	6.73068324856631	6.729600734271807	10.541158308919892	9.451721088607071	9.52944045189951
1.2022644346174132e-10	0.07587969962281171	6.4205186073361435	6.4197072315428105	10.226489076085302	9.428675386418746	9.504555086041558
1.2302687708123812e-10	0.07408506044818708	6.103294654048465	6.1026905413219446	9.904675735462629	9.405627821525457	9.479712881973644
1.2589254117941662e-10	0.07233427019167316	5.778918428709895	5.778471572610622	9.575624437486423	9.382578382266527	9.4549126524582
1.2882495516931322e-10	0.0706261871835352	5.447328633412058	5.447000186026836	9.239272943840904	9.359527055996262	9.430153243179797
1.31825673855641e-10	0.0689597026006119	5.108513237234526	5.108273255495231	8.895608241520012	9.336473829075036	9.405433531675648
1.348962882591656e-10	0.06733373942927834	4.762536307932168	4.762361896607159	8.544693382530442	9.313418686860581	9.38075242628986
1.3803842646028866e-10	0.0657472514537698	4.40957894919304	4.409452744525716	8.186708428117239	9.290361613698362	9.356108865152132
1.4125375446227556e-10	0.06419922227226316	4.050001658172992	4.049910600898009	7.822012812317848	9.267302592912415	9.331501815184678
1.445439770745928e-10	0.06268866434150233	3.6844387408627632	3.6843730924440727	7.788878391652004	9.244241606795274	9.306930271136777
1.479108388168207e-10	0.06121461805054906	3.3139393855675863	3.313891946724901	7.7834513790400255	9.221178636598086	9.282393254648635
1.5135612484362072e-10	0.05977615082512955	2.940173200032742	2.9401386957615046	7.777927593515801	9.19811366251965	9.257889813344779
1.5488166189124796e-10	0.05837235626066395	2.565716211025986	2.5656908112254087	7.7723058390619295	9.175046663695696	9.23341901995636
1.584893192461111e-10	0.05700235328607306	2.1944163891357	2.194397338537673	7.766584923952967	9.151977618187049	9.208979971473122
1.621810097358933e-10	0.05566528535589477	1.8317867447665535	1.8317720800378865	7.760763661371267	9.128906502967665	9.18457178832356
1.6595869074375631e-10	0.05436031967148125	1.485266114872129	1.4852544505071705	7.754840870059377	9.105833293912074	9.160193613583555
1.698243652461746e-10	0.053086646429772344	1.3339425907792712	1.3870292372090436	7.748815375002897	9.082757965782168	9.13584461221194
1.7378008287493763e-10	0.05184347809924006	1.3169944840752255	1.3688379621744655	7.742686008138391	9.059680492213616	9.111523970312856
1.778279410038923e-10	0.050630048722178245	1.3001492366190632	1.3507792853412415	7.736451609082235	9.0366008457013	9.087230894423477
1.8197008586099825e-10	0.04944561324196073	1.2834079717081206	1.3328535849500813	7.730111025876538	9.013518997584658	9.062964610826619
1.8620871366628656e-10	0.04828944685488423	1.2667718022829604	1.3150612491378446	7.723663115749138	8.990434918032099	9.038724364886983
1.9054607179632444e-10	0.04716084438547696	1.2502418301395481	1.2974026745250251	7.717106745885184	8.967348576024731	9.014509420410208
1.9498445997580414e-10	0.046059119684180416	1.23381914513205	1.2798782648162303	7.7104407942077415	8.94425993933979	8.990319059023971
1.9952623149688828e-10	0.04498360504662813	1.2175048243675395	1.2624884294141676	7.703664150165757	8.921168974533296	8.966152579579925
2.0417379446695316e-10	0.043933650654008005	1.2012999313942858	1.2452335820482938	7.696775715527346	8.898075646921633	8.942009297575641
2.089296130854041e-10	0.042908624032792275	1.1852055153863255	1.2281141394191177	7.689774405176876	8.874979920563202	8.917888544595995
2.1379620895022325e-10	0.04190790953419565	1.169222610324467	1.2111305198586626	7.682659147914279	8.851881758238745	8.89378966777294
2.1877616239495518e-10	0.04093090783131359	1.1533522341761957	1.1942831420075093	7.675428887255209	8.828781121431405	8.869712029262718
2.2387211385683377e-10	0.039977035434162644	1.1375953880755505	1.1775724235097131	7.6680825822303635	8.805677970305913	8.845655005740076
2.29086765276777e-10	0.03904572422155006	1.1219530555040746	1.1609987797256247	7.660619208182913	8.782572263686989	8.821617987908539
2.3442288153199274e-10	0.03813642098883285	1.1064262014748953	1.1445626224637282	7.653037757562326	8.759463959037221	8.797600380026054
2.398832919019495e-10	0.03724858701153089	1.0910157717205164	1.1282643587320473	7.645337240713457	8.736353012433973	8.773601599445504
2.4547089156850336e-10	0.036381697623411924	1.0757226918865443	1.1121043895099563	7.637516686659285	8.713239378545829	8.749621076169241
2.511886431509582e-10	0.03553524180909129	1.0605478667318184	1.0960831085409097	7.629575143876117	8.690123010607936	8.725658252417027
2.570395782768865e-10	0.03470872181012119	1.0454921793372138	1.080200901147335	7.621511681059634	8.667003860396848	8.70171258220697
2.6302679918953814e-10	0.03390165274451995	1.030556490323919	1.064458143068439	7.613325387880552	8.643881878204471	8.677783530948991
2.6915348039269137e-10	0.033113562238678895	1.0157416370827228	1.0488551993214017	7.605015375728341	8.620757012811064	8.653870575049742
2.754228703338163e-10	0.03234399007126321	1.0010484330161127	1.0333924230873759	7.596580778441705	8.597629211457818	8.629973201529081
2.8183829312644494e-10	0.03159248782924351	0.9864776667938129	1.0180701546230564	7.588020753024243	8.574498419818056	8.6060909076473
2.8840315031266117e-10	0.0308586185747437	0.9720301016239254	1.0028887201986691	7.579334480344089	8.551364581968015	8.582223200542758
2.95120922666639e-10	0.030141956522641067	0.9577064745406974	0.9878484310633384	7.570521165815916	8.528227640356613	8.558369596879254
3.0199517204020193e-10	0.029442086728966643	0.9435074957101159	0.9729495824390826	7.561580040064013	8.505087535774129	8.534529622503095
3.090295432513592e-10	0.028758604788656328	0.9294338477553499	0.9581924525440062	7.552510359565074	8.481944207320424	8.51070281210908
3.1622776601683795e-10	0.02809111654344676	0.915486185102484	0.9435773016459308	7.543311407269269	8.458797592371752	8.486888708915199
3.2359365692962813e-10	0.027439237798672522	0.9016651333486294	0.9291043711473019	7.533982493198306	8.435647626546936	8.463086864345609
3.3113112148259076e-10	0.026802594049131656	0.887971288653354	0.9147738827024856	7.524522955019224	8.412494243672578	8.43929683772171
3.38844156139202e-10	0.0261808202134457	0.8744052171544894	0.9005860373679351	7.514932158592493	8.389337375746983	8.415518195960429
3.46736850452531e-10	0.02557356037668157	0.8609674544101793	0.8865410147868609	7.5052094984933335	8.366176952903512	8.391750513280194
3.5481338923357605e-10	0.02498046754096528	0.8476585048675078	0.8726389724084731	7.495354398505056	8.343012903372564	8.36799337091353
3.6307805477010177e-10	0.02440120338367535	0.8344788413595357	0.858880044743211	7.485366312083184	8.319845153442719	8.344246356826394
3.715352290971728e-10	0.023835438023183997	0.8214289046313734	0.8452643426545574	7.475244722789295	8.296673627420668	8.320509065443852
3.801893963205613e-10	0.02328284979156159	0.808509102896596	0.8317919526881576	7.464989144693578	8.273498247590174	8.296781097381736
3.8904514499428046e-10	0.02274312501428888	0.795719811424723	0.8184629364390119	7.454599122745071	8.250318934169794	8.273062059184083
3.9810717055349694e-10	0.02221595779646357	0.7830613721609208	0.8052773299573843	7.444074233108709	8.22713560526963	8.249351563066094
4.073802778041122e-10	0.02170104981558829	0.7705340933784735	0.7922351431940617	7.433414083468228	8.203948176846701	8.22564922666229
4.1686938347033633e-10	0.021198110120401736	0.758138249365051	0.7793363594854528	7.422618313294201	8.180756562659251	8.201954672779653
4.265795188015934e-10	0.02070685493567126	0.7458740801434276	0.7665809350790989	7.411686594076499	8.157560674219926	8.178267529155598
4.3651583224016655e-10	0.020227007472900738	0.7337417912270041	0.7539687986999049	7.400618629520416	8.13436042074742	8.15458742822032
4.4668359215096347e-10	0.01975829774636928	0.7217415534111522	0.7414998511575215	7.389414155706029	8.111155709117181	8.13091400686355
4.5708818961487517e-10	0.019300462394800988	0.7098735026004404	0.7291739649952413	7.378072941210129	8.08794644381057	8.10724690620537
4.677351412871981e-10	0.018853244507964106	0.69813773967239	0.7169909841803541	7.366594787190441	8.064732526862832	8.083585771370796
4.786300923226381e-10	0.018416393458593916	0.6865343303778433	0.7049507238364372	7.354979527431716	8.041513857809559	8.059930251268153
4.897788193684456e-10	0.017989664738820466	0.6750633052785648	0.6930529700173853	7.343227028353413	8.018290333631978	8.036279998370798
5.011872336272714e-10	0.01757281980162162	0.6637246597216304	0.681297479523252	7.3313371889789085	7.995061848700539	8.01263466850216
5.128613839913658e-10	0.017165625906605086	0.6525183538513257	0.6696839797579308	7.319309940865938	7.971828294717263	7.9889939206238685
5.248074602497734e-10	0.01676785597024022	0.641444312658046	0.6582121686282862	7.307145247998474	7.9485895606565204	7.965357416626761
5.370317963702532e-10	0.016379288420340643	0.6305024260642647	0.6468817144846053	7.29484310663996	7.925345532704225	7.9417248211245655
5.495408738576248e-10	0.015999707054628054	0.6196925490474552	0.6356922561020832	7.282403545148096	7.902096094195551	7.918095801250179
5.623413251903491e-10	0.0156289009034003	0.6090145017995443	0.6246434027029446	7.269826623751428	7.878841125550973	7.894470026454373
5.754399373371567e-10	0.01526666409580546	0.5984680699227161	0.6137347340185215	7.25711243428803	7.855580504210746	7.870847168306551
5.888436553555884e-10	0.014912795730054107	0.5880530046609405	0.6029658003909946	7.244261099906653	7.832314104567593	7.847226900297647
6.025595860743569e-10	0.014567099747195833	0.5777690231668862	0.592336122914082	7.231272774730916	7.809041797897802	7.823608897644998
6.165950018614809e-10	0.01422938480834901	0.5676158088035264	0.5818451936118754	7.218147643486888	7.785763452290414	7.799992837098763
6.309573444801942e-10	0.013899464175259446	0.5575930114798657	0.5714924756551252	7.204885921094914	7.76247893257478	7.776378396750039
6.456542290346563e-10	0.013577155594313162	0.5477002480199227	0.5612774036142358	7.191487852226161	7.739188100246084	7.752765255840397
6.606934480075964e-10	0.013262281183583191	0.5379371025643165	0.5511993837478997	7.177953710824806	7.715890813389122	7.729153094572705
6.760829753919819e-10	0.012954667323002766	0.5283031270034462	0.5412577943264489	7.1642837995965944	7.692586926600041	7.705541593923043
6.918309709189363e-10	0.012654144547518342	0.5187978414415042	0.5314519859890225	7.150478449464672	7.6692762909061765	7.681930435453695
7.079457843841373e-10	0.012360547443144299	0.5094207346900976	0.5217812821332419	7.136538018993637	7.645958753683734	7.658319301126879
7.244359600749891e-10	0.012073714545795866	0.5001712647906951	0.5122449793364909	7.122462893782862	7.622634158573557	7.6347078731193525
7.413102413009192e-10	0.011793488242942018	0.4910488595645335	0.5028423478074755	7.108253485829989	7.5993023453945225	7.611095833637465
7.585775750291851e-10	0.011519714677723059	0.48205291718912235	0.4935726318668454	7.093910232865884	7.575963150055006	7.5874828647327295
7.762471166286927e-10	0.011252243655793137	0.47318280679987623	0.48443505045566937	7.079433597662009	7.552616404461885	7.563868648117678
7.943282347242822e-10	0.010990928554594603	0.464437869115784	0.4754287976703786	7.064824067311534	7.529261936427318	7.5402528649819125
8.128305161640995e-10	0.0107356262349656	0.4558174170879603	0.4665530433229259	7.0500821524852695	7.50589956957323	7.516635195808195
8.317637711026709e-10	0.010486196955211469	0.4473207365694858	0.45780693352469726	7.035208386663788	7.482529123233274	7.493015320188485
8.511380382023759e-10	0.010242504287353071	0.438947087005479	0.4491895912928321	7.02020332534687	7.459150412352349	7.469392916639702
8.709635899560796e-10	0.010004415035651526	0.4306957021419118	0.4407001171775633	7.005067545241668	7.43576324738358	7.4457676624192315
8.912509381337441e-10	0.009771799157185512	0.42256579075187695	0.43233758990906246	6.989801643430831	7.412367434182708	7.422139233339894
9.120108393559115e-10	0.00954452968457531	0.4145565373778224	0.4241010670623977	6.974406236521901	7.388962773899723	7.3985073035842985
9.332543007969924e-10	0.009322482650718555	0.4066671030884903	0.41598958573920886	6.958881959779388	7.365549062867879	7.374871545518597
9.549925860214368e-10	0.009105537015449805	0.3988966262490603	0.4080021632645101	6.943229466240713	7.3421260924897735	7.351231629505223
9.772372209558112e-10	0.008893574594136311	0.39124422330315056	0.4001377978972869	6.927449425817456	7.318693649120607	7.327587223714743
1.e-9	0.008686479988088358	0.3837089895652426	0.39239546955333093	6.911542524383244	7.295251513948487	7.303937993936575
1.0232929922807536e-9	0.008484140516813454	0.37629000002221513	0.3847741405390286	6.895509462849428	7.271799462871643	7.280283603388456
1.0471285480508984e-9	0.008286446151981153	0.36898631014246774	0.3772727562944489	6.879350956230089	7.248337266372557	7.256623712524538
1.0715193052376092e-9	0.008093289453085184	0.36179695669143985	0.36989024614452504	6.863067732697473	7.224864689388913	7.232957978841998
1.0964781961431829e-9	0.007904565504764705	0.354720958552039	0.3626255240568037	6.846660532629202	7.201381491181241	7.209286056686006
1.1220184543019653e-9	0.007720171855720714	0.34775731754870165	0.35547748940442236	6.830130107648468	7.17788742519717	7.185607597052891
1.148153621496884e-9	0.00754000845922409	0.34090501927378547	0.34844502773300956	6.813477219658508	7.1543822389322935	7.161922247391518
1.1748975549395303e-9	0.007363977615042927	0.33416303391504787	0.3415270115300908	6.796702639872379	7.130865673787427	7.13822965140247
1.2022644346174132e-9	0.007191983912989919	0.3275303170828314	0.33472230099582134	6.779807147839408	7.10733746492224	7.1145294488352295
1.2302687708123811e-9	0.007023934177748714	0.32100581063592504	0.32802974481367375	6.762791530469242	7.083797341105167	7.090821275282916
1.2589254117941663e-9	0.006859737415195966	0.31458844350480497	0.32144818092000094	6.745656581054713	7.060245024559518	7.067104761974714
1.2882495516931322e-9	0.006699304760051206	0.30827713251107003	0.31497643727112123	6.728403098294451	7.036680230805521	7.043379535565572
1.31825673855641e-9	0.0065425494248216864	0.30207078318212055	0.30861333260694224	6.711031885316361	7.013102668498481	7.019645217923303
1.3489628825916506e-9	0.006389386650057283	0.2959682905598475	0.3023576772099048	6.693543748702854	6.989512039262702	6.995901425912759
1.3803842646028867e-9	0.0062397336558426275	0.2899685400024268	0.2962082736582694	6.675939497518716	6.965908037521142	6.972147771176985
1.4125375446227555e-9	0.006093509594474966	0.2840704079781968	0.2901639175726718	6.658219942342559	6.942290350320756	6.948383859915231
1.445439770745928e-9	0.005950635504387236	0.27827276285065494	0.2842233983550422	6.640385894302604	6.918658657153259	6.924609292657646
1.4791083881682072e-9	0.005811034265145842	0.27257446565373655	0.2783854999188824	6.622438164117605	6.895012629771341	6.900823664036487
1.5135612484362073e-9	0.00567463055364037	0.26697437085650133	0.2726490014101417	6.604377561143619	6.87135193200012	6.877026562553761
1.5488166189124797e-9	0.0055413508012689405	0.2614713271164737	0.26701267791774264	6.58620489242725	6.8476762195437235	6.8532175703449925
1.584893192461111e-9	0.005411123152303077	0.2560641780207842	0.26147530117308726	6.567920961766071	6.823985139786855	6.8293962629391585
1.6218100973589331e-9	0.005283877423158501	0.25075176281459033	0.25603564023774883	6.549526568776664	6.8002783315912545	6.805562209014413
1.6595869074375631e-9	0.005159545062777937	0.24553291711591196	0.2506924621786899	6.53102250797096	6.776555425086871	6.781714970149649
1.698243652461746e-9	0.00503805911391364	0.24040647361645817	0.2454445327303718	6.5124095678411065	6.752816041457565	6.757854100571478
1.7378008287493762e-9	0.004919354175395796	0.2353712627678135	0.2402906169432093	6.4936885299535	6.729059792721314	6.73397914689671
1.7782794100389228e-9	0.004803366365338846	0.23042611345242392	0.23522947981776277	6.474860168052218	6.705286281504642	6.710089647869981
1.8197008586099825e-9	0.004690033285226214	0.22556985363903514	0.23025988692426136	6.455925247172132	6.681495100811167	6.686185134096394
1.8620871366628656e-9	0.0045792939848867675	0.22080131102206924	0.225380605006956	6.436884522762049	6.657685833784118	6.662265127769005
1.9054607179632523e-9	0.00447108892831416	0.21611931364461956	0.22059040257293372	6.4177387398180015	6.633858053462621	6.638329142390935
1.9498445997580416e-9	0.004365359960357473	0.21152269050470807	0.21588805046506554	6.3984886320269245	6.610011322531633	6.61437668249199
1.9952623149688828e-9	0.004262050274179252	0.20701027214453305	0.2112723224187123	6.379134920920671	6.586145193065204	6.590407243339383
2.0417379446695317e-9	0.004161104379516445	0.20258089122250222	0.20674199560201867	6.359678315040663	6.562259206263165	6.566420310642681
2.089296130854041e-9	0.004062468071751368	0.19823338306775362	0.202295851139505	6.3401195091129265	6.53835289218068	6.5424153602524315
2.1379620895022324e-9	0.0039660884016807785	0.19396658621709317	0.19793267461877395	6.320459183233696	6.514425769450789	6.51839185785247
2.1877616239495518e-9	0.0038719136460523274	0.1897793429342407	0.19365125658029303	6.300698002065357	6.490477344999598	6.49434925864565
2.2387211385683377e-9	0.003779893278794688	0.18567049971116667	0.18945039298996136	6.280836614042705	6.466507113753872	6.470287007032667
2.29086765276777e-9	0.0036899779429573343	0.1816389077516396	0.18532888569459693	6.260875650589276	6.442514558340916	6.446204536283873
2.3442288153199275e-9	0.0036021194233324394	0.17768342343682964	0.18128554286016207	6.240815725343636	6.418499148780466	6.422101268203798
2.3988329190194848e-9	0.0035162706197029436	0.17380290877310678	0.17731917939280972	6.220657433395287	6.394460342168394	6.397976612788097
2.4547089156850337e-9	0.003432385520790504	0.16999623182194323	0.17342861734273374	6.2004013505299564	6.3703975823519	6.37382996787269
2.511886431509582e-9	0.0033504191787754323	0.16626226711214098	0.16961268629091641	6.180048032484001	6.346310299596142	6.349660718774917
2.5703957827688646e-9	0.0032703276844721074	0.16259989603438196	0.16587022371885407	6.159598014207453	6.322197910241835	6.325468237926307
2.6302679918953816e-9	0.003192068143068383	0.15900800721830777	0.16220007536137615	6.139051809135408	6.298059816353716	6.301251884496784
2.691534803926914e-9	0.00311559865047073	0.1554854968922328	0.15860109554270352	6.118409908467326	6.273895405359559	6.2770110040100295
2.7542287033381634e-9	0.003040878270202718	0.1520312692256942	0.15507214749589693	6.0976727804537605	6.249704049679455	6.252744927949657
2.8183829312644493e-9	0.0029678670108665983	0.1486442366550662	0.1516121036659328	6.076840869690038	6.225485106345104	6.228452973355971
2.8840315031266117e-9	0.0028965258041209196	0.1453233201924231	0.14821984599654403	6.055914596416398	6.201237916608821	6.204134442412942
2.95120922666639e-9	0.002826816483223027	0.1420674497179064	0.14489426620112944	6.034894355824049	6.176961805541955	6.179788622025178
3.019951720402019e-9	0.002758701762044957	0.13887556425587277	0.14163426601791773	6.013780517366524	6.152656081622397	6.155414783384442
3.090295432513592e-9	0.0026921452146178027	0.135746612235085	0.1384387574497028	5.992573424075839	6.128320036310924	6.131012181525541
3.1622776601683795e-9	0.002627111255143255	0.13267955173323287	0.13530666298837613	5.971273391882726	6.103952943615959	6.1065800548711024
3.235936569296281e-9	0.0025635651184963137	0.12967335070610186	0.13223691582459818	5.949880708940411	6.0795540596465125	6.082117624765009
3.3113112148259078e-9	0.002501472841186292	0.1267269872017014	0.12922846004288768	5.92839563495117	6.055122622152871	6.057624094994058
3.3884415613920344e-9	0.0024408012427574732	0.12383944955967685	0.12628025080243432	5.906818400495074	6.030657850054751	6.033098651297508
3.4673685045253096e-9	0.002381517907656061	0.12100973659633407	0.12339125450399013	5.885149206360167	6.006158942956501	6.0085404608641575
3.5481338923357603e-9	0.002323591167512795	0.11823685777565096	0.12056044894316376	5.863388222873322	5.981625080648973	5.983948671816486
3.6307805477010177e-9	0.0022669900838430124	0.11551983336658189	0.1177868234504249	5.841535589231178	5.95705542259776	5.959322412681603
3.715352290971728e-9	0.0022116844311597106	0.11285769458706785	0.11506937901822756	5.819591412830189	5.9324491074172565	5.934660791848416
3.8018939632056126e-9	0.0021576446804907334	0.1102494837350676	0.11240712841555833	5.797555768595198	5.907805252330266	5.9099628970107565
3.890451449942805e-9	0.002104841983283201	0.10769425430699098	0.10979909629027418	5.775428698305657	5.883122952612648	5.885227794595931
3.981071705534969e-9	0.002053248155682752	0.10519107110393122	0.10724431925961397	5.753210209918677	5.8584012810226085	5.860454529178291
4.073802778041122e-9	0.002002835663199143	0.10273901032602151	0.10474184598922065	5.730900276888155	5.833639287214177	5.835642122877376
4.168693834703363e-9	0.001953577605706691	0.10033715965533663	0.10229073726104332	5.708498837479062	5.808835997134398	5.810789574740105
4.2657951880159165e-9	0.001905447702832852	0.09798461832765337	0.09989006603048622	5.686005794076132	5.783990412403785	5.785895860106618
4.365158322401665e-9	0.0018584202796674276	0.0956804971935199	0.09753891747318733	5.663421012485986	5.759101509679506	5.760959929959173
4.466835921509635e-9	0.0018124702528119485	0.09342391876892808	0.09523638902174003	5.640744321231977	5.734168240000905	5.735980710253717
4.570881896148752e-9	0.0017675731167665631	0.09121401727601786	0.09298159039278442	5.617975510840667	5.709189528116685	5.7109571012334515
4.6773514128719815e-9	0.001723704930624237	0.08904993867414923	0.09077364360477347	5.595114333119236	5.684164271793385	5.685887976724009
4.78630092322638e-9	0.0016808423050944654	0.08693084068169732	0.08861168298679178	5.5721605004227985	5.659091341104496	5.66077218340959
4.897788193684457e-9	0.0016389623898138694	0.0848558927889842	0.08649485517879807	5.5491136849107505	5.633969577699735	5.635608540089549
5.011872336272715e-9	0.0015980428609720931	0.08282427626261857	0.08442231912359066	5.525973517791236	5.608797794053855	5.610395836914827
5.128613839913658e-9	0.001558061909214814	0.08083518414168633	0.08239324605090115	5.502739588552755	5.583574772694441	5.585132834603656
5.248074602497734e-9	0.0015189982278371872	0.07888782122607019	0.08040681945390737	5.479411444182029	5.558299265408099	5.559818263635936
5.370317963702533e-9	0.0014808310012552894	0.07698140405726406	0.07846223505851935	5.455988588367105	5.532969992424369	5.534450823425624
5.495408738576248e-9	0.0014435398937386879	0.07511516089204129	0.07655870078577998	5.432470480684792	5.507585641576833	5.509029181470572
5.623413251903491e-9	0.00140710503842989	0.07328833166924209	0.07469543670767198	5.408856535771438	5.48214486744068	5.48355197247911
5.754399373371567e-9	0.0013715070265858387	0.07150016797008174	0.07287167499666758	5.385146122476084	5.456646290446166	5.458017797472752
5.888436553555884e-9	0.0013367268971080648	0.06974993297223442	0.07108665986934248	5.361338562994979	5.431088495967213	5.432425222864321
6.025595860743593e-9	0.0013027461262904438	0.06803690139803109	0.06933964752432153	5.337433131986516	5.405470033384547	5.406772779510837
6.16595001861481e-9	0.0012695466178200832	0.06636035945706453	0.06762990607488462	5.313429055665595	5.3797894151226595	5.38105896174048
6.309573444801943e-9	0.001237110693010024	0.06471960478350436	0.06595671547651438	5.28932551087631	5.354045115659814	5.355282226352824
6.456542290346562e-9	0.0012054210812628696	0.0631139463683894	0.06431936744965228	5.265121624142174	5.3282355705105635	5.329440991591826
6.606934480075964e-9	0.001174460910748465	0.06154270448720389	0.06271716539795236	5.2408164706926295	5.302359175179833	5.303533636090582
6.760829753919819e-9	0.0011442136993053964	0.06000521062299935	0.061149424322304746	5.216409073465014	5.2764142840880135	5.277558497787319
6.918309709189363e-9	0.0011146633455618726	0.058500807385308384	0.05961547073087026	5.191898402080929	5.250399209466237	5.251513872811799
7.0794578438413736e-9	0.0010857941202466748	0.05702884842513889	0.058114642545385564	5.167283371795962	5.224312220221101	5.225398014341348
7.244359600749891e-9	0.0010575906577212635	0.05558869834627078	0.056646289003992045	5.142562842421831	5.198151540768102	5.199209131425823
7.413102413009192e-9	0.0010300379476948507	0.05417973261312259	0.05520977056081744	5.117735617219889	5.171915349833012	5.172945387780707
7.58577575029182e-9	0.001003121327137535	0.05280133745539217	0.05380445878252971	5.092800441765086	5.1456017792204785	5.146604900547616
7.762471166286927e-9	0.0009768264723941655	0.0514529097697114	0.05242973624210556	5.067756002779258	5.119208912548969	5.120185739021363
7.943282347242822e-9	0.0009511393914563016	0.05013385701854567	0.05108499641000197	5.042600926932994	5.092734783951539	5.093685923342996
8.128305161640994e-9	0.0009260464164349003	0.04884359712652664	0.04976964354296154	5.017333779614894	5.066177376741421	5.067103423157856
8.317637711026709e-9	0.0009015341962026469	0.047581558374429456	0.0484830925706321	4.991953063667463	5.0395346220418915	5.040436156238094
8.511380382023759e-9	0.000877589689203262	0.046347179290997964	0.047224768980201226	4.966457218088616	5.012804397379614	5.013681987068817
8.709635899560797e-9	0.0008542001564331159	0.045139908542783935	0.04599410869921705	4.940844616697986	4.98598452524077	4.986838725397203
8.912509381337441e-9	0.0008313531545827146	0.04395920482220994	0.044790557976792655	4.915113566767124	4.959072771589334	4.959904124743916
9.120108393559115e-9	0.0008090365293327295	0.042804536733998866	0.043613573263331595	4.88926230761279	4.932066844346789	4.9328758808761215
9.332543007969925e-9	0.0007872384088214446	0.04167538268015569	0.04246262108897714	4.863289009152603	4.904964391832759	4.90575163024158
9.549925860214368e-9	0.0007659471972454313	0.040571230743651654	0.041337177940897085	4.837191770422237	4.877763001165889	4.878528948363134
9.772372209558111e-9	0.0007451515686112131	0.03949157857097152	0.04023673013958273	4.810968618053583	4.850460196624555	4.851205348193166
1.e-8	0.0007248404606468029	0.03843593325363859	0.03916077371428539	4.784617504713251	4.823053437966889	4.823778278427536
1.0232929922807536e-8	0.0007050030688358078	0.0374038112089039	0.03810881427773971	4.758136307500852	4.795540118709756	4.7962451217785915
1.0471285480508984e-8	0.0006856288405936439	0.03639473805968496	0.037080366900278605	4.731522826306674	4.767917564366359	4.768603193206952
1.071519305237607e-8	0.0006667074695876352	0.035408248513899565	0.0360749559834872	4.704774782128385	4.740183030642284	4.740849738111872
1.0964781961431851e-8	0.0006482288901690225	0.03444388624331918	0.0350921151334882	4.677889815346547	4.712333701589866	4.712981930480035
1.1220184543019653e-8	0.0006301832719559641	0.03350120376202259	0.034131387033978555	4.650865483958821	4.684366687720843	4.6849968709928
1.148153621496884e-8	0.0006125610145168991	0.03257976230459825	0.03319232331911515	4.623699261772947	4.656279024077545	4.656891585092062
1.1748975549395302e-8	0.0005953527421960203	0.03167913170415293	0.03227448444634895	4.596388536558652	4.628067668262805	4.628663021005001
1.202264434617413e-8	0.0005785492990417751	0.030798890270251178	0.03137743956929295	4.56893060815891	4.599729498429161	4.600308047728204
1.2302687708123811e-8	0.0005621417438561593	0.029938624666846714	0.030500766410702873	4.541322686561133	4.57126131122798	4.571823452971836
1.2589254117941661e-8	0.0005461213453576974	0.029097929790309784	0.029644051135667482	4.513561889929094	4.542659819719404	4.543205941064762
1.2882495516931323e-8	0.0005304795774563331	0.028276408647607276	0.02880688822506361	4.485645242596676	4.513921651244283	4.51445213082174
1.3182567385564074e-8	0.0005152081146233556	0.027473672234721747	0.027988880349345102	4.457569673024798	4.48504334525952	4.485558553374144
1.3489628825916533e-8	0.0005002988273759001	0.02668933941535201	0.02718963824272791	4.429332011723223	4.456021351138575	4.456521649965951
1.3803842646028866e-8	0.00048574377786092526	0.025923036799985866	0.02640878057784679	4.40092898913921	4.426852025939196	4.427337769717057
1.4125375446227554e-8	0.0004715352155333363	0.025174398625360084	0.02564593384089342	4.372357233515585	4.397531632140945	4.398003167356478
1.4454397707459279e-8	0.0004576655729326973	0.02444306663439466	0.02490073220732736	4.343613268720963	4.368056335355358	4.368514000928291
1.4791083881682072e-8	0.0004441274615505364	0.02372868995661115	0.024172817418161685	4.314693512055634	4.338422202012245	4.338866329473795
1.5135612484362072e-8	0.00043091366778913454	0.023030924989098978	0.023461838656888112	4.285594272036956	4.308625197026055	4.309056110693844
1.5488166189124795e-8	0.0004180171490109075	0.022349435278048446	0.022767452427059354	4.256311746168869	4.2786611814469175	4.2790791985959284
1.5848931924611143e-8	0.00040543102967305344	0.02168389140088145	0.022089322430554503	4.226842018700716	4.2485259101015975	4.248931341131271
1.6218100973589297e-8	0.0003931485975297022	0.021033970849010153	0.021427119446539855	4.197181058381428	4.2182150292304375	4.218608177827967
1.659586907437563e-8	0.00038116329994153375	0.02039935791123515	0.020780521211176683	4.167324716215834	4.187724074127069	4.188105237427011
1.698243652461746e-8	0.00036946874023957577	0.019779743557797325	0.0201492122980369	4.137268723230983	4.157048466788781	4.15741793552902
1.7378008287493763e-8	0.0003580586741742664	0.019174825325104727	0.019532883999278994	4.107008688261196	4.126183513586301	4.126541572260475
1.7782794100389228e-8	0.00034692700643734753	0.018584307201120254	0.0189312342075576	4.076540095761912	4.095124402963032	4.09547132996947
1.8197008586099826e-8	0.00033606778725125963	0.018007899511435	0.01834396729868626	4.045858303663557	4.063866203174992	4.064202270962244
1.8620871366628656e-8	0.00032547520902781457	0.017445318806003307	0.01777079401503112	4.014958541278129	4.032403860084132	4.03272933529316
1.9054607179632482e-8	0.00031514360309525813	0.01689628774653329	0.017211431349628548	3.983835907272767	4.0007321950193	4.001047338622396
1.9498445997580454e-8	0.00030506743648128776	0.01636053499455059	0.01666560243103188	3.9524853677263274	3.968845902720878	3.9691509701573593
1.995262314968883e-8	0.00029524130876179555	0.01583779510007055	0.016133036408832346	3.9209017542868936	3.936739549386964	3.937034790695726
2.0417379446695317e-8	0.00028565994897089553	0.015327808390896536	0.015613468339867431	3.889079762450362	3.9044075708412587	3.9046932307902296
2.0892961308540408e-8	0.0002763182125633534	0.01483032086251157	0.015106639075074924	3.857013949982508	3.8718442708450196	3.872120589057583
2.1379620895022325e-8	0.00026721107842053726	0.0143450840685313	0.014612295146951837	3.824698735509706	3.8390438195782375	3.839311030656658
2.1877616239495518e-8	0.00025833364593541575	0.013871855011672984	0.0141301886576084	3.792128397306265	3.806000252317938	3.8062585859638736
2.2387211385683378e-8	0.0002496811321108794	0.013410396035246741	0.01366007716735762	3.7592970723096277	3.7727074683448745	3.7729571494769854
2.29086765276777e-8	0.0002412488687362213	0.012960474715077552	0.013201723583813774	3.72619875539823	3.7391592301133074	3.7394004789820436
2.3442288153199228e-8	0.00023303229958493432	0.012521863751855378	0.012754896051440312	3.6928272989707436	3.705349162722599	3.705582195022184
2.3988329190194897e-8	0.00022502697766846325	0.01209434086385297	0.012319367841521434	3.659176412869818	3.671270753733671	3.6714957807113393
2.4547089156850335e-8	0.00021722856252459621	0.011677688679955445	0.011894917242480041	3.625239664698172	3.6369173533781276	3.637134581940652
2.511886431509582e-8	0.00020963281753783036	0.01127169463297406	0.011481327450511891	3.5910104805803376	3.6022821752133116	3.6024918080308495
2.5703957827688646e-8	0.0002022356073032583	0.010876150853147415	0.011078386460450673	3.5564821464290746	3.567358297282222	3.5675605328895252
2.6302679918953814e-8	0.00019503289502154075	0.010490854061831811	0.010685886956853352	3.521647809782116	3.5321386638439476	3.532333696738969
2.691534803926914e-8	0.0001880207399125311	0.01011560546526269	0.01030362620517522	3.486500482281968	3.4966160877472308	3.4968041084871433
2.7542287033381633e-8	0.00018119529467686135	0.009750210648370228	0.009931405943047089	3.451033042879434	3.4607832535278042	3.460964448822481
2.818382931264455e-8	0.000174552802961081	0.009394479468561201	0.009569032271522282	3.4152382418502305	3.4246327213187917	3.424807274121753
2.8840315031266057e-8	0.0001680895968672047	0.009048225949414679	0.009216315546281884	3.37910870572372	3.3881569316731346	3.388325021270002
2.95120922666639e-8	0.00016180209445959548	0.008711268174232956	0.008873070268692551	3.3426369432332588	3.3513482114074917	3.3515100135019513
3.0199517204020194e-8	0.00015568679731892132	0.00838342817936244	0.008539114976681361	3.3058153524094815	3.314198780588844	3.314354467386163
3.090295432513592e-8	0.00014974028808278916	0.008064531847248091	0.00821427213533088	3.2686362289504514	3.2767007607976995	3.2768505010857822
3.162277660168379e-8	0.00014395922802634686	0.007754408799137025	0.007898368027163372	3.231091776016867	3.238846184816004	3.2389901440440303
3.235936569296281e-8	0.000138340354641997	0.007452892287381552	0.007591232642023549	3.1931741156158435	3.200627007903225	3.200765348257867
3.311311214825908e-8	0.0001328804792288807	0.00715981908728569	0.007292699566514571	3.154875301753802	3.1620351208410877	3.1621680013203166
3.388441561392027e-8	0.00012757648449746029	0.006875029388432097	0.007002605872929557	3.116187335557487	3.1230623649459193	3.1231899414304167
3.4673685045253164e-8	0.00012242532218031954	0.006598366685437895	0.006720792007618215	3.077102182582488	3.0837005492679257	3.083822974590106
3.5481338923357604e-8	0.0001174240106429636	0.006329677668111877	0.006447101678754841	3.037611792550612	3.0439414702187237	3.0440588942293667
3.6307805477010175e-8	0.00011256963250350083	0.006068812110950894	0.006181381743454395	2.99770812178176	3.003776933892711	3.0038895035252144
3.715352290971728e-8	0.00010785933225854194	0.005815622761964789	0.005923482094223331	2.9573831586117993	2.963198781373764	2.9633066407060227
3.8018939632056126e-8	0.00010329031389311183	0.005569965230794338	0.00567325554468745	2.916628952116565	2.9221989173473593	2.9223022076612524
3.890451449942805e-8	0.00009885983852253588	0.0053316978761150935	0.005430557714637629	2.8754376444923873	2.8807693423685024	2.880868202207025
3.981071705534969e-8	0.00009456522200146367	0.005100681692337794	0.005195246914339258	2.833801507476572	2.83890218916891	2.8389967543909114
4.073802778041122e-8	0.00009040383255420892	0.004876780195596453	0.004967184028150662	2.7917129832262884	2.796589763421885	2.796680167254439
4.168693834703355e-8	0.0000863730883970959	0.004659859309082748	0.004746232397479844	2.7491647301117186	2.7538245894208013	2.7539109625091984
4.265795188015925e-8	0.00008247045536347031	0.004449787247742698	0.004532257703106168	2.706149673918839	2.7105994611665816	2.710681931621945
4.365158322401665e-8	0.00007869344452604565	0.004246434402429777	0.004325127846955823	2.6626610649984714	2.666907499400901	2.6669861928454273
4.4668359215096346e-8	0.00007503960982280233	0.004049673223569528	0.00412471283339233	2.6186925419413605	2.62274221516493	2.622817254774753
4.570881896148752e-8	0.00007150654569176851	0.0038593781044697906	0.003930884650161559	2.574238202402733	2.578097580507203	2.5781690870528946
4.6773514128719815e-8	0.00006809188470224825	0.0036754252643920182	0.0037435171490942665	2.5292926817443195	2.5329681070087116	2.533036198893414
4.78630092322638e-8	0.00006479329519404331	0.003497692631556859	0.0035624859267509024	2.4838512402052677	2.4873489328368246	2.4874137261320186
4.897788193684456e-8	0.0000616084789362148	0.0033260597262492198	0.0033876682051854345	2.437909859355142	2.4412359190813913	2.4412975275603275
5.011872336272725e-8	0.00005853516879739118	0.0031604075442537294	0.0032189427130511206	2.391465348620267	2.394625756164521	2.394684291333318
5.128613839913648e-8	0.000055571126424958095	0.003000618440879954	0.003056189567304912	2.3445154627069686	2.3475160811478486	2.3475716522742736
5.248074602497734e-8	0.00005271413995622254	0.0028465760158331577	0.00289929015578938	2.2970590307690033	2.2999056067848365	2.2999583209247927
5.3703179637025324e-8	0.00004996202176243969	0.0026981649992574575	0.002748127021019897	2.2490960981784607	2.251794263177718	2.2518442251994806
5.495408738576248e-8	0.00004731260621593236	0.0025552711393217464	0.002602583745537679	2.200628081754858	2.2031833528941798	2.2032306655003957
5.6234132519034905e-8	0.00004476374750961298	0.002417781091706317	0.00246254483921593	2.1516579392816464	2.1540757203733527	2.1541204841208623
5.7543993733715665e-8	0.00004231331751736178	0.00228558231143694	0.002327895628954302	2.1021903540856672	2.104475936397104	2.1045182497146215
5.8884365535558836e-8	0.00003995920371835382	0.002158562947523812	0.002198522151242166	2.0522319353663487	2.0543904983138725	2.054430457517591
6.025595860743581e-8	0.000037699307185334874	0.002036611740904526	0.0020743110480898608	2.0017914348282027	2.003828046569107	2.0038657458762925
6.165950018614822e-8	0.00003553154064661612	0.0019196179262213064	0.0019551494668679226	1.9508799799820729	1.9527995979082942	1.9528351294489408
6.309573444801943e-8	0.00003345382663955121	0.0018074711380151598	0.001840924964654711	1.899511324225183	1.9013187953631983	1.9013522491898378
6.456542290346562e-8	0.00003146409575549569	0.0017000613219151361	0.0017315254176706318	1.847702113474036	1.849402174795951	1.8494336388917065
6.606934480075964e-8	0.000029560284997565134	0.0015972786514701909	0.001626838936467756	1.7954721686913602	1.7970694473428304	1.797099007627828
6.760829753919818e-8	0.0000277403362503037	0.0014990134512702369	0.0015267537875205406	1.742844783103167	1.7443437965544373	1.7443715368906876
6.918309709189362e-8	0.000026002194900343056	0.001405156127006535	0.001431158321906878	1.6898470322260533	1.6912521883530598	1.6912781905479601
7.079457843841373e-8	0.00002434380857518903	0.0013155971031917346	0.0013399409117669236	1.63651009400184	1.6378256911050317	1.637850034913607
7.244359600749892e-8	0.000022763126064084815	0.001230226769190601	0.0012529898952546858	1.5828695753500415	1.584099802119232	1.5841225652452962
7.413102413009177e-8	0.000021258096388976355	0.0011489354342675284	0.0011701935306565048	1.5289658402859696	1.5301147757202371	1.530136033816626
7.585775750291836e-8	0.00001982666807265332	0.0010716132923178634	0.0010914399603905167	1.474844333406058	1.4759159466983758	1.4759357733664484
7.762471166286928e-8	0.000018466788595183914	0.000998150396933184	0.0010166171855283679	1.4205558910135525	1.4215540414104857	1.4215725081990809
7.943282347242822e-8	0.000017176404043972582	0.0009284366474320294	0.0009456130514760019	1.3661570304609687	1.3670854671084007	1.3671026435124447
8.128305161640995e-8	0.000015953459006290416	0.0008623617863960931	0.0008783152454023835	1.311710206450865	1.312572568237261	1.3125885216962674
8.317637711026709e-8	0.000014795896654540286	0.0007998154092794252	0.0008146113059339655	1.257284021117289	1.2580838365265685	1.258098632423223
8.511380382023759e-8	0.000013701659092646423	0.0007406869864876597	0.0007543886455803062	1.2029533727864732	1.2036940597729608	1.2037077614320535
8.709635899560797e-8	0.000012668687925376787	0.0006848658983189537	0.0006975345862443305	1.1487995265011106	1.1494843923994296	1.149497061087355
8.912509381337459e-8	0.000011694925078131746	0.0006322414830259859	0.0006439364081041177	1.094910087837682	1.095542329320708	1.0955540242457862
9.120108393559096e-8	0.000010778313867199074	0.0005827030981446768	0.0005934814120118759	1.0413788604399379	1.0419615635380826	1.0419723418519498
9.332543007969924e-8	9.916800308040763e-6	0.0005361401951287093	0.00054605699543675	0.9883055672588119	0.9888417074539406	0.9888516242542487
9.549925860214369e-8	9.108334685592467e-6	0.0004924424071868216	0.0005015507418724141	0.9357954159843058	0.9362878583914926	0.9362969667261782
9.772372209558111e-8	8.350873347495735e-6	0.00045149965005730763	0.00045985052340480337	0.8839584908455418	0.8844099904955991	0.8844183413689466
1.e-7	7.642380746908373e-6	0.00041320223533247713	0.0004208446160793855	0.8329089561003529	0.8333221583356853	0.8333298007164323
1.0232929922807536e-7	6.9808317038067e-6	0.0003774409957459923	0.000384421827449799	0.7827640613503566	0.7831415023461026	0.7831484831778064
1.0471285480509007e-7	6.364213869680668e-6	0.00034410742169299624	0.0003504716355626769	0.7336429454338163	0.7339870528555092	0.7339934170693789
1.0715193052376071e-7	5.790530393845472e-6	0.0003130938080708745	0.00031888433846472	0.6856652440679167	0.6859783378759876	0.6859841284063815
1.0964781961431852e-7	5.257802760283425e-6	0.0002842934103677308	0.00028955121312801424	0.6389495164587644	0.6392338098691321	0.6392390676718924
1.122018454301963e-7	4.764073772811628e-6	0.0002576006087409155	0.00026236468251372713	0.5936115173810879	0.5938691179898288	0.5938738820636016
1.148153621496884e-7	4.30741066637097e-6	0.00023291107870448968	0.00023721848937086065	0.5497623531241178	0.5499952642028223	0.5499995716134887
1.1748975549395303e-7	3.885908313350228e-6	0.00021012196685621376	0.000214007875169564	0.5075065713545679	0.5077166933214241	0.5077205792297375
1.2022644346174132e-7	3.4976924974117196e-6	0.0001891320699733967	0.00019262976247080843	0.46694024533103473	0.46712937740100813	0.46713287509350554
1.2302687708123812e-7	3.140923209521418e-6	0.00016984201569236745	0.00017298293890188887	0.4281491208957515	0.4283189629114439	0.4283221038346534
1.2589254117941662e-7	2.813797953749031e-6	0.00015215444286553748	0.0001549682408192865	0.3912068991832176	0.39135905362608314	0.3913618674240369
1.2882495516931348e-7	2.514555005994623e-6	0.0001359741796731484	0.00013848873467914302	0.35617372812082015	0.3563097023004933	0.3563122168554993
1.3182567385564074e-7	2.2414765936673575e-6	0.00012120841749041489	0.00012344989408408225	0.32309497099212603	0.32321617940961644	0.3232184208862101
1.3489628825916533e-7	1.9928919732237205e-6	0.0001077668785134378	0.00010975977048666152	0.29200031049174946	0.2921080773702629	0.2921100702622361
1.380384264602884e-7	1.7671803460572733e-6	0.00009556197520321774	0.00009732915554927501	0.26290323226143286	0.2629987942366361	0.26300056141698214
1.4125375446227555e-7	1.5627735994172554e-6	0.00008450895962308635	0.00008607173322250361	0.23580091383186907	0.23588542279149216	0.23588698556509158
1.445439770745928e-7	1.378158821729869e-6	0.00007452606087543501	0.00007590421969716488	0.21067452462031255	0.210749050681188	0.21075042884000972
1.479108388168207e-7	1.2118805807759259e-6	0.0000655346089502018	0.00006674648953097773	0.18748992184596025	0.18755545645491045	0.18755666833549123
1.5135612484362072e-7	1.0625429061050795e-6	0.000057459143475213637	0.000058521686381318716	0.1661987076869611	0.1662561668304363	0.16625722937334242
1.5488166189124826e-7	9.288109845684289e-7	0.00005022750603966841	0.00005115631702423684	0.1467395963190694	0.14678982382510908	0.14679075263609365
1.584893192461114e-7	8.094125343305336e-7	0.00004377091496188257	0.0000445803274962131	0.12904002689644178	0.12908379781140367	0.129084607223938
1.6218100973589298e-7	7.031388244982395e-7	0.000038024021661087204	0.000038727160485585443	0.1130179508184832	0.11305597484014429	0.11305667797896879
1.6595869074375596e-7	6.088453581298836e-7	0.00003292494798401435	0.000033533793342144236	0.09858371898762375	0.09861664393560776	0.09861725278096589
1.6982436524617461e-7	5.254521990849526e-7	0.000028415304166529154	0.000028940756365614106	0.08564199689982743	0.08567041220399396	0.08567093765619305
1.7378008287493765e-7	4.5194392850334e-7	0.00002444018734415465	0.00002489213127265799	0.07409364160294762	0.07411808179029178	0.07411853373422028
1.7782794100389227e-7	3.8736925844773396e-7	0.00002094816083353379	0.000021335530091981525	0.06383748381031884	0.06385843197115237	0.06385881934041082
1.8197008586099824e-7	3.3084029826824235e-7	0.00001789121465201049	0.000018222054950278732	0.05477196964840436	0.05478986086305637	0.05479019170335464
1.8620871366628693e-7	2.815314781301481e-7	0.000015224708039163204	0.000015506239517293352	0.046796628547559393	0.04681185325559856	0.04681213478707669
1.9054607179632483e-7	2.3867817500189403e-7	0.000012907294940411873	0.000013145973115413767	0.03981334568567885	0.03982625298061926	0.03982649165879426
1.9498445997580455e-7	2.015750357742263e-7	0.000010900833687266243	0.000011102408723040469	0.033727428399611625	0.03373832923329889	0.033738530808334666
1.9952623149688787e-7	1.6957403392581227e-7	9.170282271320218e-6	9.33985630524603e-6	0.028448465556574654	0.028457635838845974	0.0284578054128799
2.0417379446695318e-7	1.420823014797179e-7	7.683580772521736e-6	7.825663074001454e-6	0.023890986724281582	0.023898670305054104	0.023898812387355584
2.0892961308540409e-7	1.185597353625667e-7	6.4115226701133565e-6	6.530082405475923e-6	0.01997493399252992	0.019981345515200033	0.019981464074935396
2.1379620895022324e-7	9.851645543790255e-8	5.32761680194227e-6	5.426133257380172e-6	0.01662596353685597	0.016631291153657912	0.01663138967011335
2.187761623949552e-7	8.151010533197223e-8	4.407941853301622e-6	4.489451958633595e-6	0.013775596644481247	0.013780004586334549	0.01378008609643988
2.2387211385683422e-7	6.714305644806018e-8	3.6309952475832574e-6	3.6981383040313176e-6	0.01136124117798154	0.011364872173229124	0.011364939316285572
2.2908676527677748e-7	5.505954714379868e-8	2.977538290593884e-6	3.0325978377376828e-6	0.00932610459572114	0.009329082134011735	0.009329137193558878
2.3442288153199228e-7	4.4942781940449095e-8	2.43043939018861e-6	2.475382172129059e-6	0.007619018942114586	0.007621449381504775	0.007621494324286715
2.39883291901949e-7	3.651202806764786e-8	1.9745170911633636e-6	2.0110291192310115e-6	0.006194196907288507	0.006196171424379671	0.006196207936407738
2.454708915685029e-7	2.951973776532668e-8	1.5963845356736783e-6	1.625904273439005e-6	0.0050109363449282185	0.005012532729463892	0.0050125622492016575
2.5118864315095823e-7	2.3748726540873122e-8	1.2842968413195877e-6	1.3080455678604608e-6	0.004033288702298243	0.004034572999139563	0.004034596747866104
2.570395782768865e-7	1.9009431362349005e-8	1.0280027469278252e-6	1.0470121782901742e-6	0.003229704793821675	0.003230732796568603	0.003230751805999965
2.6302679918953816e-7	1.513726566315654e-8	8.186016762223858e-7	8.337389418855423e-7	0.0025726693410721424	0.002573487942748365	0.002573503080014028
2.691534803926914e-7	1.1990095138969536e-8	6.484072301304877e-7	6.603973252694573e-7	0.002038333779522894	0.0020389821867530245	0.0020389941768481634
2.754228703338169e-7	9.445845883249149e-9	5.108178990909096e-7	5.202637449741587e-7	0.0016061550435111371	0.001606665861410228	0.0016066753072561113
2.818382931264455e-7	7.400261736734137e-9	4.0019564018223264e-7	4.075959019189668e-7	0.0012585464137853108	0.001258946609425493	0.0012589540096872298
2.8840315031266057e-7	5.764809962727213e-9	3.1175273562666916e-7	3.175175455893964e-7	0.0009805450604005728	0.0009808568131361994	0.0009808625779461622
2.951209226666384e-7	4.4647485708537715e-9	2.4144725063734995e-7	2.459119992082037e-7	0.000759499640710537	0.0007597410879611743	0.0007597455527097452
3.019951720402019e-7	3.43735262475775e-9	1.8588716521605875e-7	1.893245178408165e-7	0.0005847802138374547	0.0005849661010026708	0.0005849695383552955
3.090295432513592e-7	2.6303057509835526e-9	1.4224316302602347e-7	1.4487346877700702e-7	0.0004475118005107248	0.00044765404367375083	0.0004476566739795018
3.162277660168379e-7	2.0002364209403822e-9	1.081699396721092e-7	1.1017017609304958e-7	0.0003403321389914282	0.00034044030893110033	0.0003404423091675213
3.235936569296281e-7	1.5114247631231592e-9	8.17357133087171e-8	8.324713807184025e-8	0.000257173551108103	0.00025725528682141174	0.00025725679824617487
3.3113112148259143e-7	1.1346381612042933e-9	6.135961783115818e-8	6.249425599236247e-8	0.0001930683233775099	0.00019312968299534106	0.00019313081763350226
3.3884415613920274e-7	8.461116252078682e-10	4.5756510580474696e-8	4.6602622205682565e-8	0.00014397661339327072	0.0001440223699038512	0.0001440232160154764
3.4673685045253164e-7	6.266569485546825e-10	3.388870961629209e-8	3.451536656484677e-8	0.00010663559768708808	0.00010666948639670437	0.00010667011305365293
3.548133892335753e-7	4.608873283018511e-10	2.4924121433400614e-8	2.5385008761702466e-8	0.000078428371280026	0.0000784532954014594	0.0000784537562887877
3.6307805477010174e-7	3.3655123132803055e-10	1.8200220885944418e-8	1.853677211727245e-8	0.000057270979094248275	0.00005728917931513422	0.00005728951586636555
3.715352290971728e-7	2.439657365016501e-10	1.3193285575141545e-8	1.3437251311643195e-8	0.00004151589367840103	0.00004152908696397617	0.00004152933092971267
3.8018939632056126e-7	1.7552892472849635e-10	9.4923713334083e-9	9.667900258136797e-9	0.000029870241489149407	0.000029879733860482816	0.000029879909389407544
3.890451449942805e-7	1.2532552773336647e-10	6.777446159844658e-9	6.902771687578024e-9	0.000021327111426217016	0.00002133388887237686	0.000021334014197904594
3.981071705534977e-7	8.878142665480482e-11	4.801196773485117e-9	4.889978200139922e-9	0.000015108344960879094	0.00001511314615765258	0.000015113234939079234
4.0738027780411303e-7	6.2390981270255e-11	3.3740032989726387e-9	3.4363942802428937e-9	0.00001061729880547091	0.000010620672808769882	0.000010620735199751152
4.168693834703355e-7	4.348610360693783e-11	2.3516504299436747e-9	2.3951365335506125e-9	7.40018105549467e-6	7.402532705924614e-6	7.402576192028221e-6
4.2657951880159254e-7	3.005595772265224e-11	1.625354961731773e-9	1.6554109194544253e-9	5.11468341901633e-6	5.116308773978062e-6	5.116338829935785e-6
4.3651583224016567e-7	2.0595081196006504e-11	1.1137482047729463e-9	1.1343432859689528e-9	3.5047598965221027e-6	3.5058736447268757e-6	3.5058942398080717e-6
4.466835921509635e-7	1.3988810110276972e-11	7.564864290543483e-10	7.704752391646252e-10	2.380531235246508e-6	2.3812877216755624e-6	2.3813017104856726e-6
4.5708818961487516e-7	9.416467605660728e-12	5.092166688314137e-10	5.186331364370744e-10	1.6024207454279349e-6	1.6029299620967663e-6	1.602939378564372e-6
4.677351412871981e-7	6.2803096056995855e-12	3.39624328660193e-10	3.4590463826589257e-10	1.0687476503790094e-6	1.0690872747076696e-6	1.0690935550172753e-6
4.78630092322638e-7	4.149569576838985e-12	2.2438673141778054e-10	2.2853630099461952e-10	7.061166860111712e-7	7.06341072742589e-7	7.063452223121658e-7
4.897788193684466e-7	2.716049607442983e-12	1.468247745606277e-10	1.4954082416807069e-10	4.620458087245538e-7	4.6219263349911444e-7	4.621953495487219e-7
5.011872336272725e-7	1.759481449425948e-12	9.512834964198191e-11	9.688783109140786e-11	2.9936649781348024e-7	2.994616261631222e-7	2.9946338564457164e-7
5.128613839913648e-7	1.1288747714388592e-12	6.10134165413001e-11	6.214229131273896e-11	1.9201317247308225e-7	1.9207418588962355e-7	1.92075314764395e-7
5.248074602497723e-7	7.167599846980011e-13	3.872901999102396e-11	3.944577997572196e-11	1.218894860599562e-7	1.2192821507994722e-7	1.2192893183993192e-7
5.370317963702533e-7	4.503064587879635e-13	2.432454238032733e-11	2.4774848839115293e-11	7.656040068582115e-8	7.658472522820148e-8	7.658517553466027e-8
5.495408738576248e-7	2.7977620220553945e-13	1.511235581119763e-11	1.539213201340317e-11	4.757050575676658e-8	4.7585618112577777e-8	4.758589788877998e-8
5.62341325190349e-7	1.723066134218243e-13	9.284129021125409e-12	9.456435634547233e-12	2.9231919107530757e-8	2.9241203236551883e-8	2.9241375543165304e-8
5.754399373371567e-7	1.0480505352461478e-13	5.639044786676095e-12	5.74384984020071e-12	1.7760314996451143e-8	1.776595404123782e-8	1.7766058846291344e-8
5.888436553555896e-7	6.306066779870889e-14	3.3848479574771773e-12	3.447908625275886e-12	1.0666031613482119e-8	1.0669416461439596e-8	1.0669479522107395e-8
6.025595860743581e-7	3.8191672047105385e-14	2.006395050102583e-12	2.0445867221496883e-12	6.329890389622506e-9	6.331896784672608e-9	6.331934976344655e-9
6.165950018614822e-7	2.220446049250313e-14	1.1741718708435656e-12	1.1963763313360687e-12	3.711162932518164e-9	3.7123371043890074e-9	3.7123593088495e-9
6.30957344480193e-7	1.3322676295501878e-14	6.776801342311956e-13	6.910028105266974e-13	2.148921041111862e-9	2.149598721246093e-9	2.1496120439223887e-9
6.456542290346562e-7	7.993605777301127e-15	3.8546943414985435e-13	3.934630399271555e-13	1.2285701345149391e-9	1.228955603949089e-9	1.2289635975548663e-9
6.606934480075964e-7	4.440892098500626e-15	2.149391775674303e-13	2.1938006966593093e-13	6.932925344926844e-10	6.935074736702518e-10	6.935119145623503e-10
6.760829753919819e-7	1.7763568394002505e-15	1.1812772982011666e-13	1.199040866595169e-13	3.8603964469530183e-10	3.8615777242512195e-10	3.8615954878196135e-10
6.918309709189363e-7	3.552713678800501e-15	6.306066779870889e-14	6.394884621840902e-14	2.120312814213321e-10	2.120943420891308e-10	2.120952302675505e-10
7.079457843841387e-7	8.881784197001252e-16	3.197442310920451e-14	3.2862601528904634e-14	1.1483169970460949e-10	1.148636741277187e-10	1.148645623061384e-10
7.244359600749906e-7	2.2898349882893854e-16	1.509903313490213e-14	1.509903313490213e-14	6.129496910034504e-11	6.131006813347994e-11	6.131006813347994e-11
7.413102413009177e-7	2.3592239273284576e-16	6.217248937900877e-15	6.217248937900877e-15	3.2230218494078144e-11	3.2236435743016045e-11	3.2236435743016045e-11
7.585775750291836e-7	8.881784197001252e-16	5.329070518200751e-15	4.6004866582904924e-15	1.6682655257227452e-11	1.6682655257227452e-11	1.6683543435647152e-11
7.762471166286911e-7	8.881784197001252e-16	4.836409051023338e-15	4.6074255521944e-15	8.489209335493797e-12	8.486544800234697e-12	8.487432978654397e-12
7.943282347242822e-7	3.552713678800501e-15	7.105427357601002e-15	4.718447854656915e-15	4.2374992403892975e-12	4.233946526710497e-12	4.233946526710497e-12
8.128305161640995e-7	8.881784197001252e-16	4.829470157119431e-15	4.6004866582904924e-15	2.0667911826421914e-12	2.0623502905436908e-12	2.063238468963391e-12
8.317637711026709e-7	8.881784197001252e-16	5.329070518200751e-15	5.329070518200751e-15	9.752199048307375e-13	9.707790127322369e-13	9.71667191151937e-13
8.511380382023759e-7	8.881784197001252e-16	7.105427357601002e-15	7.105427357601002e-15	4.360956040727615e-13	4.3165471197426086e-13	4.3165471197426086e-13
8.709635899560814e-7	8.881784197001252e-16	5.329070518200751e-15	4.6074255521944e-15	1.7408297026122455e-13	1.6964207816272392e-13	1.6964207816272392e-13
8.912509381337459e-7	2.2898349882893854e-16	4.829470157119431e-15	4.6004866582904924e-15	6.051409373597494e-14	6.534356389309437e-14	6.511458039426543e-14
9.120108393559096e-7	8.881784197001252e-16	5.329070518200751e-15	5.329070518200751e-15	6.039613253960852e-14	6.483702463810914e-14	6.483702463810914e-14
9.332543007969905e-7	2.3592239273284576e-16	7.105427357601002e-15	7.105427357601002e-15	5.950795411990839e-14	6.394884621840902e-14	6.394884621840902e-14
9.549925860214369e-7	2.2898349882893854e-16	5.329070518200751e-15	5.329070518200751e-15	6.039613253960852e-14	6.394884621840902e-14	6.394884621840902e-14
9.77237220955811e-7	2.2898349882893854e-16	4.836409051023338e-15	4.6074255521944e-15	6.039613253960852e-14	6.394884621840902e-14	6.394884621840902e-14
1.e-6	2.3592239273284576e-16	5.329070518200751e-15	5.329070518200751e-15	6.039613253960852e-14	6.394884621840902e-14	6.394884621840902e-14
