1.e-11	4.171744925410422	20.076361315610594	15.90461639020017	23.304087204185706	11.908089750606207	12.817648367423242
1.0232929922807536e-11	4.138525764252957	20.019821653921	15.88129588966804	23.265199782755868	11.885174983801832	12.778959336145137
1.0471285480508986e-11	4.1050335779807305	19.9629916636288	15.857958085648068	23.22588276805272	11.862260917121366	12.740407359140853
1.0715193052376049e-11	4.071260471055073	19.90586232795601	15.83460185690094	23.186123527128135	11.839347515275294	12.701994187761267
1.0964781961431828e-11	4.037198309191403	19.848424310138455	15.811226000947052	23.14590902775195	11.81643474156358	12.663721559238319
1.1220184543019653e-11	4.002838713319971	19.790667940770902	15.787829227450933	23.10522582579962	11.793522557888284	12.62559119468436
1.148153621496884e-11	3.9681730536345725	19.732583204637322	15.76441015100275	23.064060052324727	11.770610924766048	12.58760479699612
1.1748975549395303e-11	3.933192443770949	19.674159727007567	15.740967283236618	23.02239740031761	11.74769980134663	12.54976404872022
1.202264434617413e-11	3.8978877351643675	19.615386759382538	15.71749902421817	22.980223111153208	11.724789145437187	12.512070609837194
1.2302687708123811e-11	3.862249511643018	19.556253164669858	15.69400365302684	22.937521960731456	11.701878913526873	12.474526115484364
1.2589254117941662e-11	3.826268084322063	19.496747401771607	15.670479317449544	22.89427824531533	11.678969060818122	12.437132173627441
1.2882495516931322e-11	3.7899334868723606	19.436857509566064	15.646924022693705	22.85047576707254	11.65605954125936	12.39989036265583
1.3182567385564048e-11	3.75323547124923	19.376571090265813	15.623335619016583	22.806097819328574	11.633150307585863	12.362802228944984
1.348962882591656e-11	3.716163503977814	19.31587529213453	15.599711788156714	22.7611271715397	11.610241311360554	12.325869284340936
1.3803842646028866e-11	3.678706763105559	19.25475679154555	15.576050028439992	22.715546053996714	11.587332503023248	12.289093003609675
1.4125375446227554e-11	3.6408541359473006	19.19320177436572	15.55234763841842	22.66933614227136	11.56442383194045	12.252474821842037
1.445439770745928e-11	3.602594217765983	19.131195916649055	15.528601698883072	22.622478541418694	11.541515246461321	12.216016131807947
1.4791083881682073e-11	3.5639153115508755	19.068724364625616	15.50480905307474	22.57495376995134	11.518606693979594	12.17971828128519
1.5135612484362072e-11	3.5248054290774142	19.005771713972138	15.480966284894723	22.52674174360209	11.495698120996398	12.143582570343245
1.5488166189124796e-11	3.4852522934567816	18.94232198835257	15.45706969489579	22.477821758894308	11.472789473188618	12.10761024861972
1.5848931924611107e-11	3.445243343411498	18.878358617218232	15.433115273806735	22.428172476540016	11.44988069548356	12.071802512559028
1.621810097358933e-11	3.4047657395433575	18.813864412859235	15.409098673315878	22.377771904689077	11.426971732135213	12.036160502655424
1.659586907437563e-11	3.3638063728958123	18.748821546701244	15.385015173805431	22.326597382052793	11.40406252680438	12.000685300681349
1.698243652461746e-11	3.322351876150968	18.683211524843944	15.360859648692976	22.274625560928534	11.381153022643046	11.965377926924551
1.7378008287493762e-11	3.2803886378456646	18.617015162840897	15.33662652499523	22.221832390152873	11.358243162384504	11.93023933743512
1.7782794100389227e-11	3.2379028200397038	18.550212559723363	15.31230973968366	22.168193098012505	11.33533288843309	11.895270421292246
1.8197008586099825e-11	3.1948803799240935	18.482783071274646	15.287902691350554	22.113682175144113	11.31242214295939	11.86047199791138
1.8620871366628657e-11	3.1513070959183622	18.414705282565492	15.263398186647132	22.05827335745483	11.289510867997263	11.825844814375417
1.9054607179632443e-11	3.1071685988737663	18.34595697976559	15.238788380891824	22.0019396090973	11.266599005545196	11.791389542834771
1.9498445997580414e-11	3.062450409075499	18.276515121251347	15.214064712175848	21.944653105533245	11.24368649766625	11.75710677796029
1.9952623149688828e-11	3.017137979820653	18.20635580803545	15.189217828214797	21.886385216720857	11.220773286595442	11.722997034474126
2.0417379446695317e-11	2.971216748441865	18.135454253549653	15.16423750510779	21.827106490461397	11.197859314841685	11.68906074476599
2.089296130854041e-11	2.9246721957498174	18.06378475281876	15.139112557068941	21.76678663594069	11.174944525296818	11.655298256606548
2.1379620895022323e-11	2.8774899149797406	17.99132065107056	15.113830736090819	21.705394507500543	11.152028861342387	11.621709830976126
2.187761623949552e-11	2.829655691451574	17.918034311833942	15.088378620382366	21.64289808867506	11.12911226695661	11.588295640014262
2.2387211385683377e-11	2.78115559428716	17.8438970845851	15.062741490297942	21.57926447652474	11.106194686820807	11.555055765107051
2.29086765276777e-11	2.731976081673473	17.76887927201017	15.036903190336698	21.51445986630025	11.083276066428981	11.521990195127566
2.344228815319918e-11	2.682104121315863	17.692950096960978	15.010845975645115	21.448449536465173	11.060356352189006	11.489098824833993
2.3988329190194948e-11	2.6315273278910176	17.61607766918987	14.984550341298851	21.381197834104256	11.037435491527903	11.456381453451915
2.4547089156850335e-11	2.5802341194807745	17.538228951958526	14.95799483247775	21.312668160740298	11.014513432992624	11.423837783439769
2.5118864315095823e-11	2.5282138951451394	17.459369728624914	14.931155833479776	21.24282295857828	10.991590126349063	11.391467419460266
2.5703957827688646e-11	2.4754572359705946	17.379464569322323	14.904007333351727	21.1716236971915	10.968665522674174	11.35926986756683
2.6302679918953815e-11	2.4219561321006218	17.29847679785326	14.876520665752642	21.0990308606578	10.945739574450009	11.327244534613582
2.6915348039269138e-11	2.3677042384130154	17.216368458930322	14.848664220517307	21.025003935148987	10.92281223564754	11.295390727903794
2.7542287033381634e-11	2.3126971616409016	17.13310028590462	14.82040312426372	20.94950139696908	10.899883461810193	11.263707655089384
2.8183829312644493e-11	2.2569327818248084	17.048631669130526	14.791698887305715	20.87248070102995	10.876953210128164	11.232194424322698
2.8840315031266117e-11	2.20041161101463	16.962920625122404	14.762509014107774	20.793898269744922	10.854021439509395	11.200850044678095
2.9512092266663903e-11	2.14313719208495	16.8759237666654	14.732786574580453	20.713709482312304	10.831088110644133	11.169673426846089
3.019951720402019e-11	2.0851165403540293	16.787596274046567	14.702479733692538	20.63186866435189	10.80815318605989	11.138663384104305
3.090295432513592e-11	2.0263606303650477	16.697891867576228	14.67153123721118	20.5483290778486	10.785216630174526	11.107818633575567
3.1622776601683794e-11	1.9668849296482378	16.606762781570136	14.639877851921897	20.463042911346957	10.762278409335018	11.077137797769815
3.235936569296281e-11	1.906709980474691	16.51415973996191	14.60744975948722	20.375961270331487	10.739338491855548	11.046619406418289
3.311311214825908e-11	1.845862029465902	16.420031933711602	14.5741699042457	20.28703416771749	10.716396848041603	11.016261898589326
3.38844156139202e-11	1.7843737033557758	16.324327000169365	14.53995329681359	20.19621051436797	10.693453450210093	10.98606362509657
3.4673685045253096e-11	1.7222847271238635	16.226991004543642	14.504706277419778	20.10343810954228	10.670508272699044	10.956022851184349
3.548133892335761e-11	1.6596426780313074	16.12796842360968	14.468325745578374	20.00866363117435	10.647561291869131	10.926137759489729
3.6307805477010174e-11	1.5965037656988663	16.02720213177758	14.430698366078715	19.911832625869792	10.624612486096623	10.896406453270279
3.7153522909717275e-11	1.5329336241814957	15.924633389617682	14.391699765436186	19.812889498503488	10.601661835758794	10.866826959891556
3.801893963205613e-11	1.4690080969535906	15.820201834917086	14.351193737963495	19.711777501294083	10.578709323210113	10.837397234555493
3.8904514499428045e-11	1.4048139898060477	15.713845476311535	14.309031486505488	19.60843872222604	10.55575493275028	10.808115164260165
3.9810717055349695e-11	1.3404497599281804	15.60550068950458	14.2650509295764	19.502814072686284	10.532798650584887	10.778978571973488
4.073802778041122e-11	1.2760261020668189	15.4951022160493	14.219076113982482	19.39484327418066	10.509840464777685	10.749985221001422
4.1686938347033464e-11	1.2116663849383364	15.382583164627938	14.170916779689602	19.284464843994318	10.486880365195935	10.721132819530602
4.2657951880159344e-11	1.1475068835192808	15.26787501472175	14.120368131202468	19.171616079661835	10.463918343449194	10.69241902532455
4.3651583224016655e-11	1.0836967461966012	15.150907622518062	14.067210876321461	19.05623304211526	10.440954392819982	10.663841450550404
4.4668359215096346e-11	1.0203976310075227	15.031609228853977	14.011211597846454	18.938250537383052	10.417988508190348	10.63539766670917
4.570881896148752e-11	0.9577829435809697	14.909906468948606	13.952123525367636	18.81760209671981	10.39502068596192	10.60708520964572
4.6773514128719814e-11	0.8960366123368928	14.78572438362719	13.889687771290298	18.694219955054074	10.372050923970608	10.578901584612156
4.78630092322638e-11	0.8353513455085988	14.658986431693855	13.823635086185256	18.568035027652304	10.34907922139799	10.550844271354553
4.897788193684456e-11	0.7759263309941353	14.529614503065243	13.753688172071108	18.438976884907824	10.326105578678963	10.522910729198749
5.011872336272715e-11	0.7179643648590357	14.39752893223637	13.679564567377334	18.306973725176697	10.303129997404188	10.495098402105453
5.1286138399136583e-11	0.661668427674357	14.262648511614106	13.60098008393975	18.17195234559654	10.280152480223737	10.467404723666807
5.248074602497734e-11	0.6072377688043851	14.124890504224075	13.51765273541969	18.03383811083961	10.257173030745214	10.439827122018267
5.370317963702533e-11	0.5548636048430424	13.984170655273907	13.429307050430864	17.892554919766358	10.234191653433806	10.412363024640548
5.495408738576248e-11	0.5047245856673079	13.840403202042848	13.33567861637554	17.748025169963547	10.21120835350968	10.385009863023585
5.6234132519034906e-11	0.45698222468135796	13.69350088156267	13.236518656881312	17.60016972016654	10.188223136846982	10.35776507717231
5.7543993733715666e-11	0.41177652259307607	13.543374935561403	13.131598412968327	17.448907850582803	10.165236009872789	10.330626119929438
5.888436553555884e-11	0.36922203040540325	13.389935112158359	13.020713081752955	17.29415722115048	10.142246979467274	10.303590461095547
6.025595860743569e-11	0.32940459237978104	13.233089663827416	12.903685071447635	17.13583382778276	10.119256052866488	10.27665559133161
6.16595001861481e-11	0.29237898111684046	13.072745341185312	12.780366360068472	16.973851956665087	10.096263237567063	10.24981902582238
6.309573444801942e-11	0.25816758547565755	12.908807382213016	12.650639796737359	16.808124136689408	10.073268541233066	10.223078307692658
6.456542290346562e-11	0.22676024226873892	12.741179496580592	12.514419254311854	16.6385610901265	10.05027197160732	10.196431011162998
6.606934480075964e-11	0.19811522208152255	12.569763844818443	12.37164862273692	16.465071681654983	10.027273536425271	10.169874744437024
6.760829753919819e-11	0.1721612976369613	12.39446101216167	12.22229971452471	16.287562865886	10.004273243332781	10.143407152316282
6.918309709189363e-11	0.14880074956731448	12.21516997698637	12.066369227419056	16.10593963354438	9.981271099808886	10.117025918536724
7.079457843841374e-11	0.1324616547401387	12.03178807385992	11.903874966358702	15.92010495649552	9.958267113091047	10.090728767831186
7.244359600749891e-11	0.12925217760892238	11.844210951340509	11.734851561920584	15.729959731841186	9.935261290106828	10.06451346771575
7.413102413009162e-11	0.12612419259912144	11.65233252478642	11.55934593363386	15.535402725355489	9.912253637408373	10.038377830007494
7.585775750291851e-11	0.12307555096715816	11.45604492457679	11.377412735485262	15.336330514594327	9.889244161112018	10.012319712079176
7.762471166286927e-11	0.1201041510189107	11.255238440307405	11.189109991878688	15.132637432100758	9.866232866842605	9.986337017861516
7.943282347242822e-11	0.11720793891991121	11.049801461716601	10.994495091150057	14.924215509251173	9.843219759681272	9.960427698601183
8.128305161640995e-11	0.11438490927113243	10.839620417333338	10.793621256761343	14.710954421463304	9.820204844118463	9.934589753389595
8.317637711026709e-11	0.11163310546394811	10.624579712139411	10.586534569190121	14.492741435734608	9.797188124010514	9.908821229474462
8.511380382023759e-11	0.10895061982980181	10.40456166593589	10.373271568734793	14.269461361835152	9.77416960254002	9.883120222369822
8.709635899560797e-11	0.10633559359918365	10.179446454644197	10.153857433882962	14.040996508988094	9.75114928218029	9.857484875779473
8.912509381337441e-11	0.10378621668801458	9.94911205752478	9.92830470298306	13.807226650602349	9.728127164663094	9.831913381351109
9.120108393559115e-11	0.10130072732538409	9.713434214362787	9.696612488952761	13.56802900067954	9.705103250949703	9.806403978275087
9.332543007969924e-11	0.09887741154317986	9.472286398201573	9.458766127053957	13.323278207049709	9.682077541204958	9.780954952748138
9.549925860214369e-11	0.09651460254053568	9.225539811425554	9.214737193318784	13.07284636882248	9.659050034773504	9.75556463731404
9.772372209558111e-11	0.09421067994112065	8.973063416243173	8.964483834885149	12.816603088710126	9.636020730159848	9.730231410100968
1.e-10	0.09196406895916276	8.714724015400463	8.707951362334637	12.554415575686804	9.612989625008629	9.704953693967791
1.0232929922807537e-10	0.08977323948752058	8.450386406037	8.44507306759123	12.286148820564057	9.589956716088945	9.679729955576466
1.0471285480508985e-10	0.08763670512367838	8.179913640140587	8.175771249132193	12.011665877647118	9.566921999278522	9.6545587044022
1.0715193052376048e-10	0.08555302214509908	7.903167440849597	7.899958450150244	11.73082830147115	9.543885469550723	9.629438491695822
1.0964781961431829e-10	0.08352078844754018	7.620008847631707	7.617538947047505	11.443496811441301	9.520847120961967	9.604367909409508
1.1220184543019652e-10	0.08153864245552533	7.330299199369781	7.328410569089064	11.149532293246809	9.497806946640326	9.579345589095851
1.1481536214968841e-10	0.07960526201673268	7.033901619177275	7.032466991540417	10.848797300754473	9.474764938775158	9.55437020079189
1.1748975549395304e-10	0.07771936328750506	6.730683248566301	6.7296007342717985	10.54115830592869	9.451721088607115	9.52944045189462
1.2022644346174132e-10	0.07587969961804042	6.420518607336135	6.419707231542802	10.226489073107857	9.428675386418746	9.504555086036786
1.2302687708123812e-10	0.07408506044349039	6.103294654048456	6.102690541321939	9.904675732499138	9.4056278215255	9.47971288196899
1.2589254117941662e-10	0.07233427018709015	5.77891842870989	5.778471572610613	9.575624434537069	9.38257838226657	9.45491265245366
1.2882495516931322e-10	0.07062618717902147	5.447328633412049	5.447000186026827	9.239272940905881	9.3595270559963	9.430153243175322
1.31825673855641e-10	0.06895970259621187	5.10851323723452	5.108273255495222	8.895608238599523	9.336473829075114	9.405433531671326
1.348962882591656e-10	0.06733373942502396	4.762536307932159	4.76236189660715	8.544693379624665	9.31341868686066	9.380752426285683
1.3803842646028866e-10	0.06574725144961668	4.4095789491930315	4.409452744525707	8.186708425226369	9.2903616136984	9.356108865148016
1.4125375446227556e-10	0.06419922226820951	4.050001658172988	4.049910600898002	7.822012809442086	9.267302592912452	9.331501815180662
1.445439770745928e-10	0.06268866433755171	3.6844387408627597	3.6843730924440656	7.788878391652021	9.244241606795345	9.306930271132897
1.479108388168207e-10	0.06121461804672812	3.313939385567579	3.313891946724894	7.783451379040034	9.22117863659812	9.282393254644848
1.5135612484362072e-10	0.05977615082139742	2.9401732000327385	2.940138695761501	7.77792759351581	9.198113662519685	9.257889813341082
1.5488166189124796e-10	0.05837235625698689	2.565716211025986	2.5656908112254015	7.772305839061946	9.17504666369573	9.233419019952716
1.584893192461111e-10	0.05700235328244929	2.1944163891356965	2.194397338537666	7.766584923952984	9.151977618187082	9.208979971469532
1.621810097358933e-10	0.05566528535239357	1.831786744766557	1.831772080037883	7.760763661371275	9.128906502967697	9.18457178832009
1.6595869074375631e-10	0.05436031966806176	1.485266114872129	1.4852544505071705	7.754840870059385	9.105833293912106	9.160193613580168
1.698243652461746e-10	0.05308664642646832	1.3339425907792926	1.3870292372057609	7.748815375002906	9.082757965782198	9.135844612208667
1.7378008287493763e-10	0.051843478095984	1.3169944840752699	1.3688379621712539	7.742686008138407	9.059680492213678	9.111523970309662
1.778279410038923e-10	0.050630048718970144	1.3001492366191139	1.350779285338084	7.736451609082243	9.036600845701358	9.087230894420328
1.8197008586099825e-10	0.04944561323888763	1.283407971708141	1.3328535849470287	7.730111025876546	9.013518997584688	9.062964610823576
1.8620871366628656e-10	0.04828944685185377	1.2667718022829808	1.3150612491348346	7.723663115749146	8.990434918032127	9.038724364883981
1.9054607179632444e-10	0.04716084438254775	1.250241830139533	1.2974026745220808	7.717106745885199	8.967348576024733	9.01450942040728
1.9498445997580414e-10	0.04605911968129561	1.2338191451320988	1.2798782648133944	7.710440794207773	8.944259939339872	8.990319059021168
1.9952623149688828e-10	0.044983605043810826	1.217504824367567	1.2624884294113778	7.703664150165781	8.921168974533348	8.966152579577159
2.0417379446695316e-10	0.04393365065125643	1.2012999313943142	1.2452335820455707	7.6967757155273695	8.898075646921685	8.942009297572941
2.089296130854041e-10	0.04290862403010465	1.1852055153863539	1.2281141394164585	7.689774405176899	8.874979920563254	8.917888544593358
2.1379620895022325e-10	0.041907909531600396	1.1692226103244918	1.2111305198560922	7.682659147914302	8.851881758238793	8.893789667770394
2.1877616239495518e-10	0.04093090782875208	1.1533522341762206	1.1942831420049727	7.675428887255232	8.828781121431453	8.869712029260205
2.2387211385683377e-10	0.03997703543165976	1.1375953880755763	1.177572423507236	7.668082582230386	8.805677970305961	8.84565500573762
2.29086765276777e-10	0.03904572421910757	1.1219530555040986	1.1609987797232062	7.660619208182936	8.782572263687035	8.821617987906142
2.3442288153199274e-10	0.03813642098644898	1.1064262014749096	1.1445626224613585	7.653037757562356	8.759463959037266	8.797600380023715
2.398832919019495e-10	0.0372485870092234	1.0910157717205395	1.128264358729763	7.645337240713478	8.736353012434018	8.773601599443241
2.4547089156850336e-10	0.03638169762113819	1.0757226918865648	1.112104389507703	7.637516686659308	8.713239378545872	8.74962107616701
2.511886431509582e-10	0.03553524180687084	1.0605478667318398	1.0960831085387106	7.6295751438761386	8.690123010607978	8.72565825241485
2.570395782768865e-10	0.034708721807954035	1.0454921793372245	1.0802009011451785	7.621511681059664	8.667003860396887	8.701712582204841
2.6302679918953814e-10	0.03390165274242207	1.0305564903239173	1.0644581430663393	7.6133253878805744	8.64388187820449	8.677783530946913
2.6915348039269137e-10	0.033113562236591676	1.015741637082753	1.0488551993193447	7.605015375728369	8.620757012811122	8.653870575047714
2.754228703338163e-10	0.03234399006924349	1.0010484330161251	1.0333924230853686	7.596580778441712	8.597629211457837	8.629973201527081
2.8183829312644494e-10	0.03159248782728952	0.9864776667938164	1.018070154621106	7.588020753024257	8.574498419818074	8.606090907645363
2.8840315031266117e-10	0.030858618572834118	0.9720301016239317	1.0028887201967658	7.579334480344103	8.551364581968034	8.582223200540868
2.95120922666639e-10	0.03014195652075813	0.9577064745407018	0.9878484310614599	7.570521165815929	8.528227640356631	8.55836959687739
3.0199517204020193e-10	0.029442086727128114	0.9435074957101204	0.9729495824372485	7.561580040064026	8.505087535774146	8.534529622501275
3.090295432513592e-10	0.028758604786878195	0.9294338477553366	0.9581924525422147	7.552510359565089	8.481944207320424	8.510702812107303
3.1622776601683795e-10	0.028091116541709482	0.9154861851024778	0.9435773016441873	7.543311407269275	8.458797592371752	8.486888708913462
3.2359365692962813e-10	0.027439237796960114	0.9016651333486569	0.9291043711456171	7.5339824931983275	8.435647626546984	8.463086864343945
3.3113112148259076e-10	0.02680259404747609	0.8879712886533442	0.9147738827008203	7.52452295501925	8.412494243672594	8.43929683772007
3.38844156139202e-10	0.026180820211813227	0.8744052171545063	0.9005860373663195	7.514932158592506	8.389337375747013	8.415518195958827
3.46736850452531e-10	0.025573560375114823	0.8609674544101829	0.8865410147852977	7.505209498493346	8.36617695290353	8.391750513278645
3.5481338923357605e-10	0.024980467539421625	0.8476585048675034	0.872638972406925	7.495354398505076	8.343012903372578	8.367993370912
3.6307805477010177e-10	0.024401203382167225	0.8344788413595312	0.8588800447416984	7.485366312083203	8.319845153442735	8.344246356824902
3.715352290971728e-10	0.023835438021725608	0.821428904631369	0.8452643426530946	7.475244722789314	8.296673627420683	8.320509065442408
3.801893963205613e-10	0.02328284979012274	0.8085091028965898	0.8317919526867126	7.464989144693597	8.273498247590187	8.29678109738031
3.8904514499428046e-10	0.02274312501288378	0.795719811424731	0.8184629364376148	7.45459912274509	8.25031893416982	8.273062059182704
3.9810717055349694e-10	0.022215957795092223	0.783061372160927	0.8052773299560192	7.444074233108728	8.227135605269655	8.249351563064748
4.073802778041122e-10	0.021701049814247142	0.7705340933784743	0.7922351431927215	7.433414083468239	8.203948176846714	8.22564922666096
4.1686938347033633e-10	0.021198110119080127	0.7581382493650635	0.7793363594841436	7.422618313294214	8.180756562659278	8.201954672778358
4.265795188015934e-10	0.020706854934390506	0.7458740801434285	0.766580935077819	7.41168659407651	8.157560674219939	8.17826752915433
4.3651583224016655e-10	0.02022700747165196	0.733741791226997	0.753968798698649	7.400618629520435	8.13436042074743	8.154587428219083
4.4668359215096347e-10	0.019758297745157805	0.7217415534111478	0.7414998511563056	7.389414155706046	8.111155709117194	8.130914006862351
4.5708818961487517e-10	0.019300462393607276	0.7098735026004457	0.729173964994053	7.378072941210134	8.08794644381058	8.107246906204187
4.677351412871981e-10	0.018853244506820133	0.6981377396723838	0.7169909841792039	7.366594787190448	8.064732526862832	8.083585771369652
4.78630092322638e-10	0.018416393457453495	0.6865343303778602	0.7049507238353137	7.3549795274317225	8.041513857809582	8.059930251267035
4.897788193684456e-10	0.01798966473771557	0.6750633052785613	0.6930529700162769	7.343227028353429	8.01829033363199	8.036279998369706
5.011872336272714e-10	0.017572819800545147	0.6637246597216304	0.6812974795221756	7.331337188978919	7.99506184870055	8.012634668501095
5.128613839913658e-10	0.017165625905551707	0.6525183538513311	0.6696839797568828	7.319309940865943	7.971828294717274	7.988993920622826
5.248074602497734e-10	0.016767855969209933	0.641444312658046	0.658212168627256	7.307145247998485	7.948589560656531	7.965357416625741
5.370317963702532e-10	0.016379288419315685	0.63050242606427	0.6468817144835857	7.2948431066399655	7.9253455327042355	7.941724821123551
5.495408738576248e-10	0.01599970705364573	0.6196925490474543	0.6356922561011	7.282403545148107	7.902096094195561	7.918095801249207
5.623413251903491e-10	0.015628900902431297	0.6090145017995576	0.6246434027019889	7.269826623751434	7.878841125550991	7.894470026453423
5.754399373371567e-10	0.015266664094848892	0.5984680699227294	0.6137347340175783	7.257112434288035	7.8555805042107645	7.870847168305613
5.888436553555884e-10	0.014912795729128625	0.5880530046609529	0.6029658003900815	7.244261099906658	7.832314104567611	7.847226900296739
6.025595860743569e-10	0.014567099746309431	0.5777690231668853	0.5923361229131947	7.231272774730925	7.809041797897811	7.82360889764412
6.165950018614809e-10	0.014229384807465273	0.5676158088035281	0.5818451936109934	7.218147643486904	7.785763452290432	7.799992837097897
6.309573444801942e-10	0.013899464174396137	0.5575930114798728	0.571492475654269	7.204885921094924	7.762478932574797	7.776378396749193
6.456542290346563e-10	0.013577155593477386	0.5477002480199262	0.5612774036134036	7.191487852226166	7.739188100246092	7.752765255839569
6.606934480075964e-10	0.01326228118277406	0.537937102564312	0.5511993837470861	7.17795371082481	7.715890813389122	7.729153094571896
6.760829753919819e-10	0.012954667322204294	0.5283031270034497	0.541257794325654	7.1642837995966	7.6925869266000495	7.705541593922254
6.918309709189363e-10	0.012654144546738522	0.5187978414415149	0.5314519859882534	7.150478449464677	7.669276290906192	7.68193043545293
7.079457843841373e-10	0.012360547442367142	0.509420734690119	0.5217812821324861	7.136538018993646	7.6459587536837645	7.658319301126132
7.244359600749891e-10	0.012073714545043579	0.5001712647907084	0.512244979335752	7.1224628937828705	7.622634158573579	7.634707873118622
7.413102413009192e-10	0.01179348824220039	0.491048859564553	0.5028423478067534	7.108253485829999	7.599302345394552	7.611095833636752
7.585775750291851e-10	0.011519714676998305	0.482052917189141	0.4935726318661393	7.093910232865893	7.575963150055034	7.587482864732032
7.762471166286927e-10	0.011252243655098582	0.47318280679988156	0.48443505045498014	7.079433597662017	7.552616404461898	7.563868648116997
7.943282347242822e-10	0.01099092855390893	0.4644378691157929	0.4754287976697018	7.064824067311538	7.529261936427331	7.54025286498124
8.128305161640995e-10	0.010735626234308349	0.4558174170879603	0.46655304332226866	7.0500821524852695	7.50589956957323	7.516635195807538
8.317637711026709e-10	0.01048619695456221	0.447320736569492	0.4578069335240542	7.035208386663788	7.48252912323328	7.493015320187842
8.511380382023759e-10	0.010242504286731346	0.4389470870054817	0.44918959129221303	7.020203325346873	7.459150412352355	7.469392916639086
8.709635899560796e-10	0.010004415035044012	0.43069570214191444	0.44070011717695845	7.005067545241673	7.435763247383587	7.445767662418631
8.912509381337441e-10	0.009771799156585104	0.4225657907518796	0.4323375899084647	6.989801643430835	7.412367434182714	7.4221392333392995
9.120108393559115e-10	0.00954452968399444	0.41455653737782416	0.4241010670618186	6.974406236521905	7.388962773899729	7.398507303583724
9.332543007969924e-10	0.00932248265015101	0.4066671030884912	0.4159895857386422	6.958881959779393	7.365549062867884	7.374871545518035
9.549925860214368e-10	0.009105537014895582	0.39889662624906563	0.4080021632639612	6.943229466240713	7.342126092489779	7.3512316295046745
9.772372209558112e-10	0.008893574593589193	0.3912442233031541	0.4001377978967433	6.927449425817463	7.318693649120617	7.327587223714207
1.e-9	0.008686479987547457	0.3837089895652479	0.39239546955279536	6.911542524383244	7.295251513948492	7.30393799393604
1.0232929922807536e-9	0.008484140516290317	0.37629000002221513	0.38477414053850545	6.895509462849428	7.271799462871643	7.280283603387933
1.0471285480508984e-9	0.008286446151469562	0.3689863101424642	0.37727275629393375	6.879350956230093	7.248337266372557	7.256623712524027
1.0715193052376092e-9	0.00809328945258514	0.36179695669143985	0.369890246144025	6.863067732697473	7.224864689388913	7.232957978841498
1.0964781961431829e-9	0.007904565504277095	0.3547209585520408	0.36262552405631787	6.846660532629205	7.2013814911812455	7.209286056685523
1.1220184543019653e-9	0.007720171855252644	0.34775731754869454	0.3554774894039472	6.8301301076484755	7.17788742519717	7.185607597052423
1.148153621496884e-9	0.007540008458756908	0.34090501927378636	0.34844502773254327	6.813477219658512	7.154382238932298	7.161922247391055
1.1748975549395303e-9	0.007363977614590844	0.33416303391504343	0.3415270115296343	6.796702639872379	7.130865673787422	7.138229651402013
1.2022644346174132e-9	0.007191983912543165	0.327530317082827	0.33472230099537015	6.779807147839408	7.107337464922235	7.114529448834778
1.2302687708123811e-9	0.007023934177308178	0.3210058106359277	0.3280297448132359	6.762791530469248	7.083797341105176	7.090821275282484
1.2589254117941663e-9	0.006859737414765199	0.3145884435048112	0.3214481809195764	6.745656581054716	7.060245024559527	7.067104761974292
1.2882495516931322e-9	0.006699304759629321	0.3082771325110789	0.31497643727070823	6.728403098294451	7.03668023080553	7.043379535565159
1.31825673855641e-9	0.0065425494244140125	0.30207078318212854	0.30861333260654256	6.711031885316362	7.01310266849849	7.019645217922904
1.3489628825916506e-9	0.006389386649667372	0.2959682905598484	0.3023576772095158	6.693543748702861	6.989512039262709	6.995901425912376
1.3803842646028867e-9	0.006239733655453605	0.28996854000243566	0.29620827365788926	6.675939497518718	6.965908037521154	6.9721477711766076
1.4125375446227555e-9	0.006093509594101043	0.2840704079782048	0.29016391757230586	6.65821994234256	6.942290350320765	6.948383859914866
1.445439770745928e-9	0.00595063550401953	0.27827276285066294	0.28422339835468247	6.640385894302606	6.918658657153269	6.924609292657289
1.4791083881682072e-9	0.005811034264788795	0.2725744656537419	0.2783854999185307	6.622438164117611	6.895012629771353	6.900823664036142
1.5135612484362073e-9	0.005674630553287763	0.26697437085650666	0.2726490014097944	6.604377561143624	6.871351932000131	6.877026562553419
1.5488166189124797e-9	0.005541350800924327	0.2614713271164746	0.2670126779173989	6.586204892427253	6.847676219543728	6.853217570344652
1.584893192461111e-9	0.005411123151966457	0.25606417802078685	0.2614753011727533	6.567920961766071	6.823985139786858	6.8293962629388245
1.6218100973589331e-9	0.005283877422832539	0.25075176281459477	0.2560356402374273	6.549526568776667	6.800278331591262	6.805562209014094
1.6595869074375631e-9	0.005159545062459081	0.24553291711591374	0.2506924621783728	6.531022507970964	6.776555425086878	6.781714970149337
1.698243652461746e-9	0.005038059113601889	0.2404064736164626	0.2454445327300645	6.512409567841109	6.752816041457572	6.757854100571174
1.7378008287493762e-9	0.004919354175092039	0.2353712627678135	0.24029061694290554	6.493688529953506	6.729059792721319	6.733979146896411
1.7782794100389228e-9	0.0048033663650430825	0.2304261134524248	0.2352294798174679	6.474860168052223	6.705286281504648	6.710089647869691
1.8197008586099825e-9	0.004690033284937556	0.22556985363903603	0.2302598869239736	6.455925247172134	6.68149510081117	6.686185134096108
1.8620871366628656e-9	0.004579293984600774	0.2208013110220728	0.22538060500667356	6.436884522762049	6.657685833784122	6.662265127768722
1.9054607179632523e-9	0.004471088928040601	0.21611931364461956	0.22059040257266016	6.4177387398180015	6.633858053462621	6.638329142390662
1.9498445997580416e-9	0.004365359960087467	0.21152269050470895	0.21588805046479642	6.398488632026926	6.610011322531635	6.614376682491723
1.9952623149688828e-9	0.0042620502739127986	0.20701027214453926	0.21127232241845206	6.379134920920673	6.586145193065212	6.590407243339125
2.0417379446695317e-9	0.00416110437925532	0.20258089122251022	0.20674199560176554	6.359678315040663	6.562259206263173	6.566420310642428
2.089296130854041e-9	0.004062468071499126	0.19823338306775629	0.2022958511392554	6.3401195091129265	6.538352892180683	6.542415360252182
2.1379620895022324e-9	0.003966088401433865	0.19396658621710028	0.19793267461853414	6.320459183233696	6.5144257694507965	6.51839185785223
2.1877616239495518e-9	0.0038719136458134074	0.18977934293424603	0.19365125658005944	6.300698002065359	6.490477344999605	6.494349258645419
2.2387211385683377e-9	0.003779893278560209	0.185670499711172	0.1894503929897322	6.280836614042706	6.466507113753878	6.4702870070324385
2.29086765276777e-9	0.0036899779427308488	0.18163890775164226	0.1853288856943731	6.260875650589277	6.442514558340919	6.44620453628365
2.3442288153199275e-9	0.003602119423110395	0.1776834234368332	0.18128554285994358	6.240815725343638	6.418499148780471	6.422101268203582
2.3988329190194848e-9	0.0035162706194888926	0.17380290877311122	0.1773191793926001	6.220657433395287	6.394460342168398	6.397976612787887
2.4547089156850337e-9	0.003432385520576453	0.16999623182194767	0.17342861734252413	6.200401350529957	6.370397582351905	6.3738299678724815
2.511886431509582e-9	0.0033504191785667103	0.16626226711214542	0.16961268629071213	6.180048032484003	6.346310299596149	6.349660718774715
2.5703957827688646e-9	0.0032703276842696027	0.16259989603438818	0.16587022371865778	6.159598014207453	6.322197910241841	6.325468237926111
2.6302679918953816e-9	0.0031920681428720954	0.15900800721830954	0.16220007536118164	6.139051809135407	6.2980598163537165	6.301251884496589
2.691534803926914e-9	0.003115598650277107	0.15548549689223456	0.15860109554251167	6.118409908467326	6.273895405359561	6.277011004009838
2.7542287033381634e-9	0.003040878270017089	0.1520312692256951	0.1550721474957122	6.097672780453761	6.2497040496794565	6.252744927949474
2.8183829312644493e-9	0.002967867010680081	0.14864423665506976	0.15161210366574984	6.076840869690037	6.225485106345107	6.228452973355787
2.8840315031266117e-9	0.0028965258039397312	0.14532332019242666	0.1482198459963664	6.055914596416398	6.201237916608824	6.204134442412764
2.95120922666639e-9	0.002826816483048944	0.1420674497179082	0.14489426620095713	6.034894355824049	6.176961805541957	6.179788622025006
3.019951720402019e-9	0.0027587017618735388	0.13887556425587633	0.14163426601774987	6.013780517366525	6.152656081622402	6.155414783384275
3.090295432513592e-9	0.002692145214450825	0.13574661223508855	0.13843875744953937	5.9925734240758395	6.128320036310928	6.131012181525379
3.1622776601683795e-9	0.0026271112549807185	0.13267955173323553	0.13530666298821625	5.971273391882727	6.103952943615963	6.1065800548709435
3.235936569296281e-9	0.002563565118339106	0.12967335070610453	0.13223691582444363	5.949880708940411	6.079554059646515	6.082117624764854
3.3113112148259078e-9	0.002501472841031749	0.12672698720170494	0.1292284600427367	5.928395634951171	6.055122622152876	6.0576240949939075
3.3884415613920344e-9	0.0024408012426055947	0.12383944955968129	0.1262802508022869	5.906818400495071	6.0306578500547525	6.033098651297358
3.4673685045253096e-9	0.0023815179075086235	0.1210097365963394	0.12339125450384802	5.8851492063601665	6.006158942956506	6.0085404608640145
3.5481338923357603e-9	0.0023235911673697984	0.11823685777565451	0.12056044894302431	5.863388222873321	5.981625080648976	5.9839486718163455
3.6307805477010177e-9	0.00226699008370268	0.11551983336658633	0.11778682345028901	5.841535589231178	5.957055422597764	5.959322412681467
3.715352290971728e-9	0.0022116844310247075	0.11285769458707051	0.11506937901809522	5.819591412830187	5.932449107417257	5.934660791848282
3.8018939632056126e-9	0.0021576446803575067	0.11024948373507115	0.11240712841542866	5.797555768595197	5.907805252330268	5.909962897010626
3.890451449942805e-9	0.0021048419831517506	0.10769425430699364	0.10979909629014539	5.775428698305656	5.883122952612649	5.885227794595801
3.981071705534969e-9	0.0020532481555557425	0.10519107110393477	0.10724431925949052	5.753210209918678	5.858401281022613	5.860454529178169
4.073802778041122e-9	0.0020028356630730215	0.10273901032602861	0.10474184598910163	5.730900276888154	5.833639287214183	5.835642122877256
4.168693834703363e-9	0.0019535776055832343	0.10033715965534284	0.10229073726092608	5.70849883747906	5.808835997134403	5.810789574739986
4.2657951880159165e-9	0.0019054477027156125	0.0979846183276587	0.09989006603037431	5.68600579407613	5.783990412403789	5.785895860106504
4.365158322401665e-9	0.0018584202795519644	0.09568049719352345	0.09753891747307541	5.663421012485987	5.75910150967951	5.760959929959062
4.466835921509635e-9	0.001812470252700038	0.09342391876893075	0.09523638902163079	5.640744321231978	5.734168240000908	5.7359807102536084
4.570881896148752e-9	0.001767573116656429	0.09121401727602141	0.09298159039267784	5.617975510840668	5.709189528116689	5.710957101233346
4.6773514128719815e-9	0.0017237049305158791	0.08904993867415278	0.09077364360466866	5.595114333119236	5.684164271793389	5.685887976723905
4.78630092322638e-9	0.0016808423049896604	0.08693084068170176	0.08861168298669142	5.572160500422798	5.659091341104499	5.660772183409489
4.897788193684457e-9	0.001638962389711729	0.08485589278898775	0.08649485517869948	5.5491136849107505	5.633969577699738	5.63560854008945
5.011872336272715e-9	0.0015980428608726172	0.08282427626262212	0.08442231912349474	5.525973517791235	5.608797794053857	5.61039583691473
5.128613839913658e-9	0.0015580619091171144	0.08083518414169077	0.08239324605080789	5.502739588552755	5.583574772694446	5.585132834603563
5.248074602497734e-9	0.001518998227742152	0.07888782122607463	0.08040681945381678	5.479411444182028	5.5582992654081025	5.559818263635845
5.370317963702533e-9	0.0014808310011611425	0.07698140405727028	0.07846223505843142	5.455988588367104	5.532969992424374	5.534450823425535
5.495408738576248e-9	0.0014435398936489818	0.07511516089204662	0.0765587007856956	5.432470480684791	5.507585641576838	5.509029181470487
5.623413251903491e-9	0.0014071050383410721	0.07328833166924564	0.07469543670758672	5.408856535771439	5.4821448674406845	5.483551972479026
5.754399373371567e-9	0.0013715070264996854	0.0715001679700853	0.07287167499658498	5.385146122476084	5.4566462904461694	5.458017797472669
5.888436553555884e-9	0.0013367268970254642	0.06974993297223708	0.07108665986926255	5.361338562994979	5.431088495967216	5.432425222864241
6.025595860743593e-9	0.0013027461262087314	0.06803690139803376	0.06933964752424249	5.337433131986517	5.4054700333845505	5.406772779510759
6.16595001861481e-9	0.001269546617740147	0.06636035945706986	0.06762990607481001	5.313429055665594	5.379789415122664	5.381058961740404
6.309573444801943e-9	0.0012371106929327524	0.06471960478350969	0.06595671547644244	5.289325510876308	5.354045115659818	5.355282226352751
6.456542290346562e-9	0.0012054210811873745	0.06311394636839385	0.06431936744958122	5.265121624142173	5.328235570510567	5.329440991591754
6.606934480075964e-9	0.001174460910673858	0.06154270448720922	0.06271716539788308	5.240816470692628	5.302359175179837	5.303533636090511
6.760829753919819e-9	0.001144213699233454	0.06000521062300468	0.06114942432223813	5.216409073465014	5.276414284088019	5.277558497787252
6.918309709189363e-9	0.0011146633454908184	0.05850080738531371	0.05961547073080453	5.191898402080929	5.250399209466242	5.251513872811733
7.0794578438413736e-9	0.001085794120178285	0.05702884842514244	0.05811464254532073	5.167283371795962	5.224312220221105	5.225398014341283
7.244359600749891e-9	0.001057590657653762	0.05558869834627611	0.05664628900392987	5.14256284242183	5.198151540768106	5.19920913142576
7.413102413009192e-9	0.0010300379476282373	0.054179732613128806	0.05520977056075704	5.117735617219888	5.171915349833017	5.172945387780645
7.58577575029182e-9	0.0010031213270744743	0.05280133745539661	0.05380445878247109	5.092800441765085	5.145601779220482	5.1466049005475565
7.762471166286927e-9	0.0009768264723337694	0.05145290976971584	0.05242973624204961	5.067756002779257	5.119208912548973	5.120185739021307
7.943282347242822e-9	0.0009511393913967936	0.05013385701854922	0.051084996409946015	5.042600926932994	5.092734783951543	5.09368592334294
8.128305161640994e-9	0.0009260464163762805	0.04884359712653197	0.04976964354290825	5.017333779614894	5.066177376741426	5.0671034231578025
8.317637711026709e-9	0.0009015341961466916	0.0475815583744339	0.04848309257058059	4.991953063667462	5.039534622041896	5.040436156238043
8.511380382023759e-9	0.0008775896891481949	0.04634717929100152	0.04722476898014971	4.966457218088616	5.012804397379617	5.0136819870687654
8.709635899560797e-9	0.0008542001563798252	0.045139908542789264	0.04599410869916909	4.9408446166979845	4.985984525240774	4.986838725397154
8.912509381337441e-9	0.0008313531545294239	0.04395920482221527	0.044790557976744694	4.915113566767123	4.959072771589338	4.9599041247438675
9.120108393559115e-9	0.0008090365292812152	0.04280453673400331	0.04361357326328452	4.88926230761279	4.932066844346793	4.932875880876074
9.332543007969925e-9	0.0007872384087725948	0.041675382680160133	0.04246262108893273	4.863289009152603	4.904964391832763	4.905751630241536
9.549925860214368e-9	0.0007659471971956933	0.04057123074365787	0.041337177940853564	4.837191770422236	4.877763001165894	4.87852894836309
9.772372209558111e-9	0.0007451515685632515	0.03949157857097685	0.0402367301395401	4.810968618053583	4.85046019662456	4.851205348193123
1.e-8	0.0007248404606006176	0.03843593325364392	0.039160773714244534	4.784617504713251	4.823053437966895	4.823778278427495
1.0232929922807536e-8	0.0007050030687905107	0.037403811208908344	0.038108814277698855	4.758136307500852	4.79554011870976	4.796245121778551
1.0471285480508984e-8	0.0006856288405501232	0.0363947380596894	0.037080366900239525	4.731522826306674	4.767917564366363	4.768603193206913
1.071519305237607e-8	0.0006667074695450026	0.035408248513904894	0.0360749559834499	4.704774782128385	4.74018303064229	4.740849738111835
1.0964781961431851e-8	0.0006482288901281663	0.03444388624332362	0.035092115133451784	4.677889815346547	4.712333701589871	4.712981930479999
1.1220184543019653e-8	0.0006301832719151079	0.03350120376202881	0.034131387033943916	4.650865483958819	4.684366687720848	4.684996870992763
1.148153621496884e-8	0.0006125610144778193	0.03257976230460358	0.033192323319081396	4.623699261772947	4.65627902407755	4.656891585092028
1.1748975549395302e-8	0.0005953527421587168	0.03167913170415915	0.032274484446317864	4.596388536558652	4.628067668262811	4.62866302100497
1.202264434617413e-8	0.0005785492990044716	0.030798890270256507	0.03137743956926098	4.568930608158911	4.599729498429167	4.600308047728172
1.2302687708123811e-8	0.000562141743819744	0.029938624666851155	0.0305007664106709	4.541322686561135	4.571261311227986	4.571823452971806
1.2589254117941661e-8	0.0005461213453239466	0.029097929790314225	0.029644051135638172	4.513561889929095	4.542659819719409	4.543205941064732
1.2882495516931323e-8	0.0005304795774225823	0.028276408647612605	0.028806888225035188	4.485645242596676	4.513921651244289	4.514452130821711
1.3182567385564074e-8	0.0005152081145896048	0.027473672234726187	0.027988880349315792	4.4575696730248	4.485043345259526	4.485558553374116
1.3489628825916533e-8	0.0005002988273439257	0.026689339415357338	0.027189638242701264	4.429332011723222	4.456021351138579	4.456521649965923
1.3803842646028866e-8	0.000485743777829839	0.025923036799990307	0.026408780577820146	4.400928989139211	4.426852025939201	4.427337769717031
1.4125375446227554e-8	0.00047153521550313826	0.0251743986253663	0.02564593384086944	4.372357233515585	4.397531632140951	4.398003167356454
1.4454397707459279e-8	0.0004576655729033874	0.02444306663439999	0.024900732207303378	4.343613268720965	4.368056335355365	4.368514000928268
1.4791083881682072e-8	0.0004441274615212265	0.023728689956616478	0.024172817418137704	4.314693512055635	4.338422202012252	4.338866329473773
1.5135612484362072e-8	0.0004309136677607128	0.023030924989104307	0.02346183865686502	4.285594272036958	4.308625197026062	4.309056110693823
1.5488166189124795e-8	0.0004180171489842621	0.022349435278052887	0.02276745242703715	4.256311746168871	4.278661181446924	4.279079198595908
1.5848931924611143e-8	0.0004054310296464081	0.02168389140088589	0.0220893224305323	4.226842018700718	4.248525910101604	4.24893134113125
1.6218100973589297e-8	0.00039314859750394504	0.021033970849015482	0.021427119446519427	4.197181058381428	4.218215029230444	4.218608177827948
1.659586907437563e-8	0.00038116329991755293	0.02039935791123959	0.020780521211157144	4.167324716215836	4.187724074127075	4.188105237426993
1.698243652461746e-8	0.00036946874021559495	0.019779743557802654	0.02014921229801825	4.137268723230985	4.157048466788789	4.157417935529004
1.7378008287493763e-8	0.0003580586741502856	0.019174825325109168	0.019532883999259454	4.107008688261199	4.126183513586308	4.126541572260458
1.7782794100389228e-8	0.0003469270064142549	0.018584307201125583	0.018931234207539838	4.076540095761914	4.095124402963039	4.095471329969453
1.8197008586099826e-8	0.000336067787228167	0.018007899511441217	0.018343967298669384	4.045858303663559	4.063866203175	4.0642022709622285
1.8620871366628656e-8	0.0003254752090064983	0.017445318806007748	0.017770794015014246	4.014958541278132	4.032403860084139	4.032729335293146
1.9054607179632482e-8	0.00031514360307483	0.01689628774653862	0.01721143134961345	3.983835907272769	4.0007321950193075	4.001047338622382
1.9498445997580454e-8	0.00030506743646085965	0.01636053499455592	0.01666560243101678	3.9524853677263305	3.9688459027208864	3.9691509701573473
1.995262314968883e-8	0.0002952413087422556	0.01583779510007588	0.016133036408818135	3.9209017542868967	3.9367395493869726	3.937034790695715
2.0417379446695317e-8	0.0002856599489522438	0.015327808390901865	0.015613468339854109	3.889079762450365	3.9044075708412667	3.904693230790219
2.0892961308540408e-8	0.0002763182125447017	0.0148303208625169	0.0151066390750616	3.857013949982511	3.871844270845028	3.8721205890575727
2.1379620895022325e-8	0.0002672110784027737	0.014345084068536629	0.014612295146939402	3.8246987355097097	3.8390438195782464	3.839311030656649
2.1877616239495518e-8	0.0002583336459176522	0.013871855011678313	0.014130188657595966	3.7921283973062687	3.806000252317947	3.8062585859638647
2.2387211385683378e-8	0.000249681132094004	0.013410396035252958	0.013660077167346962	3.7592970723096313	3.7727074683448842	3.7729571494769782
2.29086765276777e-8	0.00024124886871934592	0.012960474715081993	0.01320172358380134	3.726198755398234	3.739159230113316	3.739400478982035
2.3442288153199228e-8	0.0002330322995689471	0.012521863751860707	0.012754896051429654	3.692827298970747	3.705349162722608	3.705582195022177
2.3988329190194897e-8	0.0002250269776542524	0.012094340863857411	0.012319367841511664	3.6591764128698223	3.6712707537336797	3.671495780711334
2.4547089156850335e-8	0.00021722856251038536	0.011677688679961662	0.011894917242472047	3.625239664698176	3.636917353378138	3.637134581940648
2.511886431509582e-8	0.0002096328175236195	0.01127169463297939	0.01148132745050301	3.5910104805803424	3.602282175213322	3.6024918080308455
2.5703957827688646e-8	0.00020223560728993561	0.010876150853152744	0.01107838646044268	3.556482146429079	3.5673582972822317	3.5675605328895217
2.6302679918953814e-8	0.0001950328950073299	0.010490854061838029	0.010685886956845358	3.52164780978212	3.5321386638439582	3.5323336967389656
2.691534803926914e-8	0.00018802073989920842	0.010115605465268906	0.010303626205168115	3.486500482281973	3.496616087747242	3.496804108487141
2.7542287033381633e-8	0.00018119529466442685	0.009750210648375557	0.009931405943039984	3.4510330428794393	3.460783253527815	3.4609644488224793
2.818382931264455e-8	0.00017455280294953468	0.00939447946856653	0.009569032271516065	3.4152382418502363	3.424632721318803	3.4248072741217523
2.8840315031266057e-8	0.0001680895968547702	0.00904822594941912	0.00921631554627389	3.3791087057237266	3.3881569316731457	3.3883250212700005
2.95120922666639e-8	0.00016180209444804916	0.008711268174238285	0.008873070268686334	3.3426369432332645	3.351348211407503	3.351510013501951
3.0199517204020194e-8	0.000155686797307375	0.008383428179367769	0.008539114976675144	3.3058153524094886	3.3141987805888564	3.314354467386164
3.090295432513592e-8	0.00014974028807124284	0.008064531847254308	0.008214272135325551	3.2686362289504585	3.2767007607977128	3.276850501085784
3.162277660168379e-8	0.0001439592280165769	0.007754408799141466	0.007898368027158043	3.231091776016874	3.2388461848160155	3.238990144044032
3.235936569296281e-8	0.00013834035463222705	0.007452892287386881	0.007591232642019108	3.193174115615851	3.200627007903238	3.20076534825787
3.311311214825908e-8	0.00013288047921911073	0.007159819087291908	0.007292699566511018	3.154875301753809	3.162035120841101	3.16216800132032
3.388441561392027e-8	0.0001275764844885785	0.006875029388437426	0.007002605872926004	3.1161873355574956	3.123062364945933	3.1231899414304216
3.4673685045253164e-8	0.00012242532217143776	0.006598366685443224	0.006720792007614662	3.077102182582496	3.083700549267939	3.0838229745901105
3.5481338923357604e-8	0.00011742401063496999	0.006329677668116318	0.006447101678751288	3.037611792550621	3.0439414702187375	3.0440588942293725
3.6307805477010175e-8	0.0001125696324963954	0.006068812110956223	0.006181381743452619	2.997708121781768	3.0037769338927243	3.0038895035252207
3.715352290971728e-8	0.00010785933224966016	0.005815622761970118	0.0059234820942197786	2.9573831586118087	2.963198781373779	2.9633066407060284
3.8018939632056126e-8	0.00010329031388511822	0.005569965230799667	0.0056732555446847854	2.9166289521165742	2.922198917347374	2.922302207661259
3.890451449942805e-8	0.00009885983851543045	0.0053316978761204226	0.005430557714635853	2.8754376444923966	2.880769342368517	2.8808682022070324
3.981071705534969e-8	0.00009456522199347006	0.005100681692343123	0.005195246914336593	2.8338015074765828	2.838902189168926	2.8389967543909194
4.073802778041122e-8	0.00009040383254710349	0.004876780195601782	0.0049671840281488855	2.791712983226299	2.796589763421901	2.796680167254448
4.168693834703355e-8	0.00008637308838999047	0.004659859309087189	0.004746232397477179	2.7491647301117297	2.753824589420817	2.753910962509207
4.265795188015925e-8	0.00008247045535725306	0.004449787247748027	0.00453225770310528	2.70614967391885	2.710599461166598	2.7106819316219553
4.365158322401665e-8	0.00007869344451805205	0.004246434402435995	0.004325127846954047	2.6626610649984825	2.6669074994009185	2.6669861928454366
4.4668359215096346e-8	0.00007503960981658508	0.004049673223574857	0.004124712833391442	2.618692541941373	2.6227422151649478	2.6228172547747644
4.570881896148752e-8	0.00007150654568555126	0.0038593781044742315	0.003930884650159783	2.574238202402746	2.57809758050722	2.5781690870529057
4.6773514128719815e-8	0.000068091884696031	0.0036754252643973473	0.0037435171490933783	2.529292681744333	2.53296810700873	2.5330361988934262
4.78630092322638e-8	0.00006479329518782606	0.003497692631562188	0.003562485926750014	2.483851240205281	2.487348932836843	2.487413726132031
4.897788193684456e-8	0.00006160847893088572	0.003326059726254549	0.0033876682051854345	2.4379098593551563	2.441235919081411	2.4412975275603417
5.011872336272725e-8	0.00005853516879206211	0.0031604075442599466	0.0032189427130520087	2.39146534862028	2.39462575616454	2.394684291333332
5.128613839913648e-8	0.000055571126419629024	0.003000618440885283	0.003056189567304912	2.3445154627069824	2.3475160811478677	2.3475716522742873
5.248074602497734e-8	0.00005271413995089347	0.0028465760158384867	0.00289929015578938	2.297059030769018	2.2999056067848564	2.2999583209248073
5.3703179637025324e-8	0.0000499620217579988	0.0026981649992627865	0.0027481270210207853	2.2490960981784753	2.251794263177738	2.251844225199496
5.495408738576248e-8	0.00004731260621149147	0.0025552711393279637	0.002602583745539455	2.2006280817548722	2.2031833528942	2.2032306655004117
5.6234132519034905e-8	0.00004476374750517209	0.002417781091711646	0.002462544839216818	2.1516579392816624	2.154075720373374	2.154120484120879
5.7543993733715665e-8	0.00004231331751292089	0.002285582311442269	0.00232789562895519	2.1021903540856837	2.104475936397126	2.104518249714639
5.8884365535558836e-8	0.000039959203714801106	0.0021585629475291412	0.0021985221512439423	2.052231935366365	2.0543904983138943	2.054430457517609
6.025595860743581e-8	0.00003769930718178216	0.002036611740908967	0.002074311048090749	2.001791434828219	2.003828046569128	2.00386574587631
6.165950018614822e-8	0.00003553154064395159	0.0019196179262266355	0.001955149466870587	1.9508799799820893	1.952799597908316	1.9528351294489599
6.309573444801943e-8	0.000033453826636886674	0.0018074711380196007	0.0018409249646564874	1.8995113242252017	1.9013187953632213	1.9013522491898582
6.456542290346562e-8	0.000031464095752831156	0.001700061321919577	0.0017315254176724082	1.8477021134740537	1.8494021747959732	1.849433638891726
6.606934480075964e-8	0.000029560284993124242	0.0015972786514764081	0.0016268389364695324	1.7954721686913775	1.797069447342854	1.797099007627847
6.760829753919818e-8	0.000027740336247639164	0.001499013451275566	0.0015267537875232051	1.7428447831031848	1.7443437965544604	1.744371536890708
6.918309709189362e-8	0.00002600219489767852	0.001405156127011864	0.0014311583219095425	1.6898470322260715	1.6912521883530833	1.691278190547981
7.079457843841373e-8	0.000024343808572524495	0.0013155971031979519	0.0013399409117704764	1.6365100940018578	1.6378256911050557	1.6378500349136282
7.244359600749892e-8	0.000022763126060532102	0.0012302267691968183	0.0012529898952573504	1.5828695753500601	1.584099802119257	1.5841225652453175
7.413102413009177e-8	0.00002125809638631182	0.0011489354342728575	0.0011701935306591693	1.5289658402859883	1.5301147757202611	1.5301360338166474
7.585775750291836e-8	0.000019826668070876963	0.0010716132923223043	0.0010914399603931813	1.474844333406077	1.4759159466983993	1.4759357733664702
7.762471166286928e-8	0.0000184667885916312	0.0009981503969394012	0.0010166171855310324	1.4205558910135707	1.4215540414105101	1.4215725081991017
7.943282347242822e-8	0.000017176404042196225	0.0009284366474364703	0.0009456130514786665	1.3661570304609882	1.3670854671084247	1.367102643512467
8.128305161640995e-8	0.000015953459002737702	0.0008623617864014221	0.0008783152454041598	1.3117102064508845	1.312572568237286	1.3125885216962887
8.317637711026709e-8	0.000014795896650987572	0.0007998154092856424	0.00081461130593663	1.2572840211173077	1.2580838365265934	1.2580986324232444
8.511380382023759e-8	0.000013701659089981888	0.0007406869864921006	0.0007543886455820825	1.2029533727864923	1.2036940597729844	1.2037077614320744
8.709635899560797e-8	0.000012668687922712252	0.0006848658983242828	0.000697534586246995	1.1487995265011288	1.149484392399453	1.1494970610873758
8.912509381337459e-8	0.00001169492507546721	0.0006322414830322032	0.0006439364081076704	1.0949100878376998	1.095542329320732	1.0955540242458075
9.120108393559096e-8	0.000010778313864534539	0.0005827030981491177	0.0005934814120136522	1.041378860439956	1.0419615635381052	1.0419723418519697
9.332543007969924e-8	9.916800307152585e-6	0.0005361401951340383	0.0005460569954411909	0.9883055672588288	0.9888417074539628	0.98885162425427
9.549925860214369e-8	9.108334682927932e-6	0.0004924424071921507	0.0005015507418750786	0.9357954159843231	0.9362878583915153	0.9362969667261982
9.772372209558111e-8	8.3508733448312e-6	0.0004514996500626367	0.0004598505234074679	0.8839584908455578	0.8844099904956204	0.8844183413689652
1.e-7	7.642380745132016e-6	0.0004132022353378062	0.0004208446160829382	0.8329089561003675	0.8333221583357053	0.8333298007164505
1.0232929922807536e-7	6.980831702030343e-6	0.0003774409957513214	0.00038442182745335174	0.7827640613503708	0.7831415023461221	0.7831484831778242
1.0471285480509007e-7	6.3642138679043114e-6	0.0003441074216983253	0.0003504716355662296	0.7336429454338296	0.7339870528555279	0.7339934170693958
1.0715193052376071e-7	5.790530391180937e-6	0.00031309380807709175	0.0003188843384682727	0.6856652440679283	0.6859783378760054	0.6859841284063966
1.0964781961431852e-7	5.25780275761889e-6	0.0002842934103730599	0.0002895512131306788	0.638949516458776	0.639233809869149	0.6392390676719066
1.122018454301963e-7	4.764073771035271e-6	0.0002576006087462446	0.00026236468251727985	0.5936115173810981	0.5938691179898443	0.5938738820636154
1.148153621496884e-7	4.307410664594613e-6	0.00023291107870981875	0.00023721848937441337	0.5497623531241262	0.5499952642028361	0.5499995716135007
1.1748975549395303e-7	3.885908311573871e-6	0.00021012196686154283	0.0002140078751731167	0.5075065713545759	0.5077166933214374	0.507720579229749
1.2022644346174132e-7	3.497692496523541e-6	0.00018913206997872578	0.00019262976247524932	0.4669402453310405	0.46712937740101923	0.46713287509351575
1.2302687708123812e-7	3.140923207745061e-6	0.00016984201569769652	0.00017298293890544159	0.42814912089575596	0.42831896291145366	0.4283221038346614
1.2589254117941662e-7	2.813797951972674e-6	0.00015215444287086655	0.00015496824082283922	0.39120689918322027	0.39135905362609114	0.3913618674240431
1.2882495516931348e-7	2.514555003330088e-6	0.00013597417967936565	0.00013848873468269574	0.3561737281208215	0.35630970230050085	0.3563122168555042
1.3182567385564074e-7	2.2414765918910007e-6	0.00012120841749574396	0.00012344989408763496	0.3230949709921265	0.3232161794096222	0.3232184208862141
1.3489628825916533e-7	1.9928919714473636e-6	0.00010776687851876687	0.00010975977049021424	0.2920003104917481	0.2921080773702669	0.29211007026223834
1.380384264602884e-7	1.7671803442809164e-6	0.00009556197520854681	0.00009732915555282773	0.2629032322614293	0.26299879423663786	0.26300056141698214
1.4125375446227555e-7	1.5627735976408985e-6	0.00008450895962841543	0.00008607173322605632	0.23580091383186463	0.23588542279149305	0.2358869855650907
1.445439770745928e-7	1.3781588208416906e-6	0.00007452606088076408	0.00007590421970160577	0.21067452462030545	0.2107490506811862	0.21075042884000705
1.479108388168207e-7	1.211880578999569e-6	0.00006553460895553087	0.00006674648953453044	0.1874899218459518	0.18755545645490734	0.18755666833548634
1.5135612484362072e-7	1.0625429034405443e-6	0.000057459143481430885	0.00005852168638487143	0.16619870768695177	0.1662561668304332	0.16625722937333665
1.5488166189124826e-7	9.288109836802505e-7	0.00005022750604499748	0.000051156317028677734	0.14673959631905786	0.14678982382510286	0.14679075263608654
1.584893192461114e-7	8.094125334423552e-7	0.00004377091496721164	0.000044580327500653993	0.1290400268964289	0.12908379781139612	0.12908460722392956
1.6218100973589298e-7	7.031388227218827e-7	0.000038024021665528096	0.00003872716048824998	0.11301795081846988	0.11305597484013541	0.11305667797895813
1.6595869074375596e-7	6.088453572417052e-7	0.00003292494798934342	0.00003353379334658513	0.09858371898760865	0.09861664393559799	0.09861725278095523
1.6982436524617461e-7	5.254521973085957e-7	0.000028415304171858224	0.00002894075636916682	0.08564199689981189	0.08567041220398375	0.08567093765618106
1.7378008287493765e-7	4.5194392672698314e-7	0.000024440187349483722	0.000024892131276210705	0.07409364160293075	0.07411808179028023	0.07411853373420696
1.7782794100389227e-7	3.8736925755955554e-7	0.000020948160837974683	0.00002133553009553424	0.06383748381030063	0.06385843197113861	0.06385881934039617
1.8197008586099824e-7	3.308402964918855e-7	0.00001789121465733956	0.000018222054953831446	0.05477196964838571	0.05478986086304305	0.05479019170333954
1.8620871366628693e-7	2.815314763537913e-7	0.000015224708044492274	0.000015506239520846066	0.046796628547539854	0.046811853255584346	0.0468121347870607
1.9054607179632483e-7	2.386781741137156e-7	0.000012907294944852765	0.00001314597311896648	0.03981334568565842	0.03982625298060327	0.039826491658777385
1.9498445997580455e-7	2.0157503399786947e-7	0.000010900833692595313	0.000011102408726593183	0.03372742839959031	0.033738329233282904	0.0337385308083169
1.9952623149688787e-7	1.6957403214945543e-7	9.170282276649289e-6	9.339856308798744e-6	0.02844846555655245	0.0284576358388291	0.028457805412861248
2.0417379446695318e-7	1.4208229881518264e-7	7.683580777850807e-6	7.82566307666599e-6	0.023890986724259378	0.02389867030503723	0.023898812387336044
2.0892961308540409e-7	1.1855973358620986e-7	6.411522675442427e-6	6.530082409028637e-6	0.019974933992506827	0.01998134551518227	0.019981464074915856
2.1379620895022324e-7	9.851645454972413e-8	5.327616806383162e-6	5.426133260932886e-6	0.016625963536832877	0.01663129115363926	0.01663138967009381
2.187761623949552e-7	8.151010355561539e-8	4.407941858630693e-6	4.489451962186308e-6	0.013775596644458155	0.013780004586316785	0.013780086096420341
2.2387211385683422e-7	6.714305467170334e-8	3.630995252912328e-6	3.6981383075840313e-6	0.01136124117795756	0.011364872173210472	0.011364939316265144
2.2908676527677748e-7	5.505954536744184e-8	2.9775382959229546e-6	3.0325978412903964e-6	0.009326104595696272	0.009329082133992195	0.009329137193537562
2.3442288153199228e-7	4.4942781052270675e-8	2.430439394629502e-6	2.475382175681773e-6	0.007619018942089717	0.0076214493814843465	0.007621494324265399
2.39883291901949e-7	3.651202717946944e-8	1.974517096492434e-6	2.0110291236719036e-6	0.00619419690726275	0.0061961714243592425	0.006196207936386422
2.454708915685029e-7	2.9519735988969842e-8	1.5963845410027488e-6	1.6259042769917187e-6	0.005010936344904238	0.00501253272944524	0.005012562249181229
2.5118864315095823e-7	2.3748724764516282e-8	1.2842968466486582e-6	1.3080455714131745e-6	0.004033288702273374	0.004034572999120023	0.0040345967478447875
2.570395782768865e-7	1.9009430474170586e-8	1.0280027522568957e-6	1.0470121827310663e-6	0.003229704793795918	0.0032307327965481747	0.003230751805978649
2.6302679918953816e-7	1.51372638867997e-8	8.186016815514563e-7	8.33738945438256e-7	0.0025726693410463852	0.0025734879427279367	0.0025735030799918235
2.691534803926914e-7	1.1990093362612697e-8	6.484072354595583e-7	6.60397328822171e-7	0.002038333779497137	0.0020389821867325963	0.002038994176825959
2.754228703338169e-7	9.44584410689231e-9	5.108179053081585e-7	5.202637494150508e-7	0.00160615504348538	0.0016066658613906881	0.001606675307234795
2.818382931264455e-7	7.400259960377298e-9	4.0019564462312474e-7	4.0759590458350203e-7	0.0012585464137595537	0.0012589466094041768	0.0012589540096641372
2.8840315031266057e-7	5.764808186370374e-9	3.117527409557397e-7	3.1751754914211006e-7	0.0009805450603748156	0.0009808568131157713	0.0009808625779239577
2.951209226666384e-7	4.464746794496932e-9	2.414472568545989e-7	2.459120036490958e-7	0.0007594996406838916	0.0007597410879407462	0.0007597455526875407
3.019951720402019e-7	3.4373517365793305e-9	1.8588716965695085e-7	1.8932452139353018e-7	0.0005847802138125857	0.0005849661009822427	0.0005849695383339792
3.090295432513592e-7	2.6303030864482935e-9	1.422431692432724e-7	1.448734723297207e-7	0.00044751180048407946	0.00044765404365332273	0.0004476566739564092
3.162277660168379e-7	2.000234644583543e-9	1.0816994500117971e-7	1.1017017964576326e-7	0.00034033213896567105	0.00034044030891067223	0.0003404423091453168
3.235936569296281e-7	1.5114238749447395e-9	8.17357177496092e-8	8.324714162455393e-8	0.00025717355108323403	0.00025725528680098364	0.0002572567982248586
3.3113112148259143e-7	1.1346363848474539e-9	6.13596231602287e-8	6.249425954507615e-8	0.00019306832335086455	0.00019312968297402477	0.00019313081761040962
3.3884415613920274e-7	8.461098488510288e-10	4.5756515909545215e-8	4.6602625758396243e-8	0.00014397661336751355	0.0001440223698834231	0.00014402321599327195
3.4673685045253164e-7	6.266551721978431e-10	3.388871405718419e-8	3.451536922938203e-8	0.00010663559766221908	0.00010666948637627627	0.00010667011303144847
3.548133892335753e-7	4.608855519450117e-10	2.4924126762471133e-8	2.5385012314416144e-8	0.00007842837125426882	0.0000784532953810313	0.00007845375626658324
3.6307805477010174e-7	3.3655034314961085e-10	1.8200225326836517e-8	1.8536775669986127e-8	0.0000572709790684911	0.00005728917929381794	0.00005728951584416109
3.715352290971728e-7	2.43963071966391e-10	1.3193291792390482e-8	1.3437254864356873e-8	0.000041515893651755675	0.000041529086943548066	0.00004152933090662003
3.8018939632056126e-7	1.7552803655007665e-10	9.492376662478819e-9	9.667904699028895e-9	0.000029870241462504055	0.000029879733839166533	0.000029879909367203084
3.890451449942805e-7	1.2532463955494677e-10	6.777451488915176e-9	6.902776128470123e-9	0.000021327111399571663	0.00002133388885106058	0.000021334014175700133
3.981071705534977e-7	8.878053847638512e-11	4.801201214377215e-9	4.8899817528536005e-9	0.00001510834493512192	0.000015113146136336297	0.000015113234916874774
4.0738027780411303e-7	6.23900930918353e-11	3.3740077398647372e-9	3.4363978329565725e-9	0.000010617298779713735	0.0000106206727874536	0.000010620735177546692
4.168693834703355e-7	4.348432725009843e-11	2.351655759014193e-9	2.3951400862642913e-9	7.400181029737496e-6	7.40253268549651e-6	7.40257616982376e-6
4.2657951880159254e-7	3.005418136581284e-11	1.625361178980711e-9	1.6554153603465238e-9	5.114683393259156e-6	5.116308754438137e-6	5.116338808619503e-6
4.3651583224016567e-7	2.0593304839167104e-11	1.1137526456650448e-9	1.134345950504212e-9	3.504759871653107e-6	3.505873624298772e-6	3.505894217603611e-6
4.466835921509635e-7	1.3987033753437572e-11	7.564926463032862e-10	7.704796800567237e-10	2.3805312086011554e-6	2.3812877012474587e-6	2.381301688281212e-6
4.5708818961487516e-7	9.415579427241028e-12	5.092211097235122e-10	5.186366891507532e-10	1.6024207196707607e-6	1.6029299407804842e-6	1.6029393563599115e-6
4.677351412871981e-7	6.278533248860185e-12	3.396296577307112e-10	3.4590819097957137e-10	1.0687476237336568e-6	1.0690872533913875e-6	1.0690935319246364e-6
4.78630092322638e-7	4.147793219999585e-12	2.2439206048829874e-10	2.2853985370829832e-10	7.06116660253997e-7	7.063410523144853e-7	7.063452001077053e-7
4.897788193684466e-7	2.7142732506035827e-12	1.468301036311459e-10	1.4954437688174949e-10	4.620457820792012e-7	4.6219261218283236e-7	4.6219532645608297e-7
5.011872336272725e-7	1.7577050925865478e-12	9.513367871250011e-11	9.689138380508666e-11	2.9936647205630607e-7	2.9946160573501857e-7	2.9946336344011115e-7
5.128613839913648e-7	1.127098414599459e-12	6.10187456118183e-11	6.214584402641776e-11	1.9201314671590808e-7	1.920741654615199e-7	1.920752925599345e-7
5.248074602497723e-7	7.149836278586008e-13	3.873523723996186e-11	3.945022086782046e-11	1.218894594146036e-7	1.2192819465184357e-7	1.2192890963547143e-7
5.370317963702533e-7	4.4853010194856324e-13	2.432987145084553e-11	2.4778401552794094e-11	7.656037492864698e-8	7.658470480009782e-8	7.658515333019977e-8
5.495408738576248e-7	2.788880237858393e-13	1.511679670329613e-11	1.539568472708197e-11	4.757047999959241e-8	4.7585596796295704e-8	4.758587568431949e-8
5.62341325190349e-7	1.6964207816272392e-13	9.29034627006331e-12	9.459988348226034e-12	2.9231893350356586e-8	2.924118369662665e-8	2.9241353338704812e-8
5.754399373371567e-7	1.0302869668521453e-13	5.644373857194296e-12	5.74740255387951e-12	1.7760289239276972e-8	1.7765933613134166e-8	1.776603664183085e-8
5.888436553555896e-7	6.128431095930864e-14	3.390177027995378e-12	3.4514613389546867e-12	1.0666005856307947e-8	1.0669396033335943e-8	1.0669457317646902e-8
6.025595860743581e-7	3.552713678800501e-14	2.0117241206207837e-12	2.0472512574087887e-12	6.329864632448334e-9	6.331876356568955e-9	6.331911883705743e-9
6.165950018614822e-7	2.042810365310288e-14	1.1795009413617663e-12	1.1999290450148692e-12	3.7111371753439926e-9	3.7123166762853543e-9	3.7123371043890074e-9
6.30957344480193e-7	1.1546319456101628e-14	6.838973831690964e-13	6.954437026251981e-13	2.1488952839376907e-9	2.1495791813208598e-9	2.149590727640316e-9
6.456542290346562e-7	5.329070518200751e-15	3.907985046680551e-13	3.9612757518625585e-13	1.2285443773407678e-9	1.2289351758454359e-9	1.228940504915954e-9
6.606934480075964e-7	2.6645352591003757e-15	2.2026824808563106e-13	2.2293278334473143e-13	6.93266777318513e-10	6.934870455665987e-10	6.934897101018578e-10
6.760829753919819e-7	3.552713678800501e-15	1.234568003383174e-13	1.2434497875801753e-13	3.8601388752113053e-10	3.8613734432146885e-10	3.8613823249988855e-10
6.918309709189363e-7	1.7763568394002505e-15	6.750155989720952e-14	6.750155989720952e-14	2.120055242471608e-10	2.12073025807058e-10	2.12073025807058e-10
7.079457843841387e-7	1.7763568394002505e-15	3.6415315207705135e-14	3.6415315207705135e-14	1.1480594253043819e-10	1.1484235784564589e-10	1.1484235784564589e-10
7.244359600749906e-7	1.7763568394002505e-15	2.042810365310288e-14	1.865174681370263e-14	6.126921192617374e-11	6.128964002982684e-11	6.128786367298744e-11
7.413102413009177e-7	3.552713678800501e-15	1.0658141036401503e-14	9.769962616701378e-15	3.220446131990684e-11	3.221511946094324e-11	3.221423128252354e-11
7.585775750291836e-7	1.7763568394002505e-15	6.217248937900877e-15	4.440892098500626e-15	1.665600990463645e-11	1.666222715357435e-11	1.666045079673495e-11
7.762471166286911e-7	3.552713678800501e-15	3.552713678800501e-15	1.7763568394002505e-15	8.463452161322493e-12	8.466116696581594e-12	8.465228518161894e-12
7.943282347242822e-7	3.552713678800501e-15	1.7763568394002505e-15	3.552713678800501e-15	4.211742066217994e-12	4.213518423057394e-12	4.212630244637694e-12
8.128305161640995e-7	1.7763568394002505e-15	8.881784197001252e-16	9.228728892196614e-16	2.0410340084708878e-12	2.041922186890588e-12	2.0410340084708878e-12
8.317637711026709e-7	1.7763568394002505e-15	8.881784197001252e-16	9.159339953157541e-16	9.494627306594339e-13	9.50350909079134e-13	9.494627306594339e-13
8.511380382023759e-7	1.7763568394002505e-15	8.881784197001252e-16	9.159339953157541e-16	4.1033842990145786e-13	4.11226608321158e-13	4.0945025148175773e-13
8.709635899560814e-7	3.552713678800501e-15	3.552713678800501e-15	9.228728892196614e-16	1.4832579608992091e-13	1.4832579608992091e-13	1.474376176702208e-13
8.912509381337459e-7	3.552713678800501e-15	3.552713678800501e-15	9.228728892196614e-16	8.881784197001252e-14	8.615330671091215e-14	8.881784197001252e-14
9.120108393559096e-7	1.7763568394002505e-15	8.881784197001252e-16	1.7763568394002505e-15	8.526512829121202e-14	8.526512829121202e-14	8.617412339262387e-14
9.332543007969905e-7	1.7763568394002505e-15	8.881784197001252e-16	9.159339953157541e-16	8.526512829121202e-14	8.526512829121202e-14	8.615330671091215e-14
9.549925860214369e-7	1.7763568394002505e-15	8.881784197001252e-16	9.228728892196614e-16	8.526512829121202e-14	8.526512829121202e-14	8.548717289613705e-14
9.77237220955811e-7	3.552713678800501e-15	8.881784197001252e-16	3.552713678800501e-15	8.467532230937991e-14	8.421735531172203e-14	8.559819519859957e-14
1.e-6	1.3808398868775384e-15	4.649058915617843e-16	9.159339953157541e-16	8.526512829121202e-14	8.526512829121202e-14	8.548023400223315e-14
