1.e-11	3.402184532494113	1.1536089020332128	3.5057570356644465	20.076361315610594	20.076361315610594
1.0232929922807536e-11	3.3869342274272167	1.1233541609172413	3.495302381862693	20.019821653921	20.019821653921
1.0471285480508986e-11	3.37128081603529	1.093425470285616	3.484662450445377	19.9629916636288	19.9629916636288
1.0715193052376049e-11	3.355213071040846	1.0638282490185542	3.473835500584057	19.90586232795601	19.90586232795601
1.0964781961431828e-11	3.3387194558189273	1.034567930996058	3.4628198553357468	19.848424310138455	19.848424310138455
1.1220184543019653e-11	3.3217881185988283	1.0056499600567175	3.4516139064882747	19.790667940770902	19.790667940770902
1.148153621496884e-11	3.3044068869507663	0.977079784613712	3.440216119539633	19.732583204637322	19.732583204637322
1.1748975549395303e-11	3.2865632626183516	0.9488628519131838	3.428625038811667	19.674159727007567	19.674159727007567
1.202264434617413e-11	3.2682444167658584	0.9210046019221809	3.4168392926905877	19.615386759382538	19.615386759382538
1.2302687708123811e-11	3.2494371857181896	0.8935104608325343	3.404857598981147	19.556253164669858	19.556253164669858
1.2589254117941662e-11	3.230128067279928	0.8663858341672298	3.3926787703710772	19.496747401771607	19.496747401771607
1.2882495516931322e-11	3.210303217731311	0.8396360994766562	3.3803017199900065	19.436857509566064	19.436857509566064
1.3182567385564048e-11	3.1899484496099584	0.8132665986118801	3.3677254670572214	19.376571090265813	19.376571090265813
1.348962882591656e-11	3.169049230400511	0.7872826295630935	3.3549491425963414	19.31587529213453	19.31587529213453
1.3803842646028866e-11	3.147590682268836	0.7616894378518831	3.341971995209862	19.25475679154555	19.25475679154555
1.4125375446227554e-11	3.1255575829932294	0.7364922074666437	3.328793396888889	19.19320177436572	19.19320177436572
1.445439770745928e-11	3.1029343682634405	0.7116960513317835	3.315412848844577	19.131195916649055	19.131195916649055
1.4791083881682073e-11	3.079705135538126	0.6873060013023771	3.3018299873405876	19.068724364625616	19.068724364625616
1.5135612484362072e-11	3.0558536496733733	0.6633269976772052	3.2880445894987815	19.005771713972138	19.005771713972138
1.5488166189124796e-11	3.031363350560314	0.6397638782250612	3.2740565790588185	18.94232198835257	18.94232198835257
1.5848931924611107e-11	3.006217363036762	0.616621366720835	3.2598660320654815	18.878358617218232	18.878358617218232
1.621810097358933e-11	2.9803985093692216	0.5939040609901113	3.2454731824512617	18.813864412859235	18.813864412859235
1.659586907437563e-11	2.9538893246355595	0.5716164204636236	3.23087842748604	18.748821546701244	18.748821546701244
1.698243652461746e-11	2.9266720753768234	0.5497627532453927	3.2160823330620047	18.683211524843944	18.683211524843944
1.7378008287493762e-11	2.8987287819293064	0.5283472027017946	3.201085638781745	18.617015162840897	18.617015162840897
1.7782794100389227e-11	2.8700412448953934	0.5073737335821579	3.1858892628073026	18.550212559723363	18.550212559723363
1.8197008586099825e-11	2.840591076263917	0.48684611768528374	3.1704943064386644	18.482783071274646	18.482783071274646
1.8620871366628657e-11	2.8103597357497154	0.46676791909073895	3.154902058379596	18.414705282565492	18.414705282565492
1.9054607179632443e-11	2.7793285729866053	0.4471424789783346	3.139113998652464	18.34595697976559	18.34595697976559
1.9498445997580414e-11	2.747478876280141	0.4279729000645002	3.123131802115383	18.276515121251347	18.276515121251347
1.9952623149688828e-11	2.714791928705954	0.40926203068968325	3.106957341548103	18.20635580803545	18.20635580803545
2.0417379446695317e-11	2.6812490724272884	0.3910124485972081	3.0905926902510785	18.135454253549653	18.135454253549653
2.089296130854041e-11	2.6468317822022263	0.37322644445044073	3.074040124126947	18.06378475281876	18.06378475281876
2.1379620895022323e-11	2.6115217491567586	0.3559060051421282	3.057302123192258	17.99132065107056	17.99132065107056
2.187761623949552e-11	2.5753009760159387	0.33905279695736174	3.0403813724796436	17.918034311833942	17.918034311833942
2.2387211385683377e-11	2.5381518851109117	0.3226681486594234	3.0232807622878433	17.8438970845851	17.8438970845851
2.29086765276777e-11	2.5000574406154916	0.306753034576226	3.006003387744121	17.76887927201017	17.76887927201017
2.344228815319918e-11	2.4610012866105064	0.2913080577735475	2.98855254762897	17.692950096960978	17.692950096960978
2.3988329190194948e-11	2.4209679027284543	0.2763334334105609	2.9709317424410795	17.61607766918987	17.61607766918987
2.4547089156850335e-11	2.3799427792903645	0.26182897238211705	2.9531446716618373	17.538228951958526	17.538228951958526
2.5118864315095823e-11	2.3379126140111324	0.24779406536175164	2.935195230194056	17.459369728624914	17.459369728624914
2.5703957827688646e-11	2.2948655325132146	0.23422766736883122	2.9170875039465844	17.379464569322323	17.379464569322323
2.6302679918953815e-11	2.250791335045813	0.22112828299251508	2.8988257645553652	17.29847679785326	17.29847679785326
2.6915348039269138e-11	2.2056817719491892	0.2084939524142217	2.8804144632165336	17.216368458930322	17.216368458930322
2.7542287033381634e-11	2.1595308505213056	0.19632223837911	2.861858223635613	17.13310028590462	17.13310028590462
2.8183829312644493e-11	2.112335176019678	0.18461021427489127	2.843161834085503	17.048631669130526	17.048631669130526
2.8840315031266117e-11	2.0640943295478302	0.1733544534835979	2.824330238587981	16.962920625122404	16.962920625122404
2.9512092266663903e-11	2.014811285506426	0.1625510201779531	2.8053685272332824	16.8759237666654	16.8759237666654
3.019951720402019e-11	1.9644928711024665	0.15219546173868412	2.7862819256603597	16.787596274046567	16.787596274046567
3.090295432513592e-11	1.9131502700662204	0.14228280297221274	2.7670757837409177	16.697891867576228	16.697891867576228
3.1622776601683794e-11	1.8607995721751984	0.13280754230926045	2.7477555634989876	16.606762781570136	16.606762781570136
3.235936569296281e-11	1.80746236936782	0.12376365016374963	2.7283268263337295	16.51415973996191	16.51415973996191
3.311311214825908e-11	1.753166398077151	0.1151445696277118	2.7087952195950784	16.420031933711602	16.420031933711602
3.38844156139202e-11	1.6979462258443339	0.10694321967129605	2.689166462595322	16.324327000169365	16.324327000169365
3.4673685045253096e-11	1.6418439781938607	0.09915200100726744	2.6694463321310558	16.226991004543642	16.226991004543642
3.548133892335761e-11	1.584910099069587	0.09176280476618826	2.649640647608087	16.12796842360968	16.12796842360968
3.6307805477010174e-11	1.5272041347466399	0.0847670241116512	2.6297552558665256	16.02720213177758	16.02720213177758
3.7153522909717275e-11	1.4687955269623654	0.07815556890428726	2.6097960158115825	15.924633389617682	15.924633389617682
3.801893963205613e-11	1.4097643959867452	0.07191888349866468	2.5897687829593634	15.820201834917086	15.820201834917086
3.8904514499428045e-11	1.3502022884627154	0.06604696772860882	2.5696793940136056	15.713845476311535	15.713845476311535
3.9810717055349695e-11	1.2902128581465462	0.06052940110403941	2.5495336515931903	15.60550068950458	15.60550068950458
4.073802778041122e-11	1.229912440330919	0.05535537020615734	2.529337309229877	15.4951022160493	15.4951022160493
4.1686938347033464e-11	1.169430473054808	0.050513699228259774	2.5090960567587404	15.382583164627938	15.382583164627938
4.2657951880159344e-11	1.108909710697032	0.045992883566752366	2.488815506221111	15.26787501472175	15.26787501472175
4.3651583224016655e-11	1.0485061689525828	0.041781126321912984	2.468501178394961	15.150907622518062	15.150907622518062
4.4668359215096346e-11	0.9883887354904108	0.0378663775211211	2.448158490068028	15.031609228853977	15.031609228853977
4.570881896148752e-11	0.9287383790264561	0.03423637582959976	2.4277927421563357	14.909906468948606	14.909906468948606
4.6773514128719814e-11	0.8697468925449767	0.030878692466089822	2.4074091087651857	14.78572438362719	14.78572438362719
4.78630092322638e-11	0.811615115465778	0.02778077699442646	2.387012627281395	14.658986431693855	14.658986431693855
4.897788193684456e-11	0.7545505960502803	0.02493000461787259	2.3666081895706794	14.529614503065243	14.529614503065243
5.011872336272715e-11	0.6987646802088885	0.022313724562506788	2.346200534340989	14.39752893223637	14.39752893223637
5.1286138399136583e-11	0.6444690462825071	0.019919309100226414	2.3257942407257604	14.262648511614106	14.262648511614106
5.248074602497734e-11	0.5918717463459844	0.017734202732270405	2.305393723113749	14.124890504224075	14.124890504224075
5.370317963702533e-11	0.541172860703766	0.015745971031720016	2.285003227250267	13.984170655273907	13.984170655273907
5.495408738576248e-11	0.49255991954721123	0.01394234862933668	2.264626827607194	13.840403202042848	13.840403202042848
5.6234132519034906e-11	0.44620328886965366	0.012311285822184735	2.2442684260120673	13.69350088156267	13.69350088156267
5.7543993733715666e-11	0.40225175051423845	0.01084099328950553	2.2239317515053276	13.543374935561403	13.543374935561403
5.888436553555884e-11	0.3608285225708707	0.009519984415691265	2.2036203613823213	13.389935112158359	13.389935112158359
6.025595860743569e-11	0.3220279614023247	0.008337114746109757	2.183337643363757	13.233089663827416	13.233089663827416
6.16595001861481e-11	0.2859131579454721	0.007281618137792014	2.1630868188223182	13.072745341185312	13.072745341185312
6.309573444801942e-11	0.2525145894762346	0.006343139213150509	2.1428709469835168	12.908807382213016	12.908807382213016
6.456542290346562e-11	0.22182991819885034	0.005511761780076525	2.1226929300107953	12.741179496580592	12.741179496580592
6.606934480075964e-11	0.1938249473781508	0.004778032944883156	2.1025555188726592	12.569763844818443	12.569763844818443
6.760829753919819e-11	0.16843566374327246	0.004132982714126238	2.0824613198872637	12.39446101216167	12.39446101216167
6.918309709189363e-11	0.1455712212643685	0.0035681389556896266	2.0624128018349346	12.21516997698637	12.21516997698637
7.079457843841374e-11	0.12511766437590666	0.003075537666764442	2.0424123035242543	12.03178807385992	12.03178807385992
7.244359600749891e-11	0.10694215368952253	0.0026477285744642316	2.0224620417031227	11.844210951340509	11.844210951340509
7.413102413009162e-11	0.09089744607802652	0.002277776171714107	2.0025641192012404	11.65233252478642	11.65233252478642
7.585775750291851e-11	0.07682639214704334	0.001959256364697709	1.982720533199445	11.45604492457679	11.45604492457679
7.762471166286927e-11	0.06456624325790816	0.0016862489765543352	1.96293318352485	11.255238440307405	11.255238440307405
7.943282347242822e-11	0.05395260155121795	0.0014533264134301907	1.9432038808760463	11.049801461716601	11.049801461716601
8.128305161640995e-11	0.044822893574489875	0.0012555388518514302	1.9235343548940218	10.839620417333338	10.839620417333338
8.317637711026709e-11	0.03701929547309124	0.001088396349476186	1.903926262000402	10.624579712139411	10.624579712139411
8.511380382023759e-11	0.030391080855946218	0.0009478483136927639	1.8843811929357006	10.40456166593589	10.40456166593589
8.709635899560797e-11	0.02479639852925697	0.0008302607837581827	1.8649006799411687	10.179446454644197	10.179446454644197
8.912509381337441e-11	0.02010351493078666	0.0007323919920700708	1.8454862035369475	9.94911205752478	9.94911205752478
9.120108393559115e-11	0.016191575160721783	0.0006513666689816205	1.8261391988603934	9.713434214362787	9.713434214362787
9.332543007969924e-11	0.012950947741455998	0.0005846495439151729	1.80686106153858	9.472286398201573	9.472286398201573
9.549925860214369e-11	0.010283222915465018	0.0005300184743032843	1.787653153077735	9.225539811425554	9.225539811425554
9.772372209558111e-11	0.008100933885608619	0.0004855376042986713	1.7685168057639888	8.973063416243173	8.973063416243173
1.e-10	0.0063270663752446055	0.0004495309186209502	1.7494533270729598	8.714724015400463	8.714724015400463
1.0232929922807537e-10	0.004894415534838714	0.0004205565149074317	1.730464003599792	8.450386406037	8.450386406037
1.0471285480508985e-10	0.0037448416124394868	0.0003973818721124227	1.7115501045202244	8.179913640140587	8.179913640140587
1.0715193052376048e-10	0.0028284677518097823	0.00037896034448032384	1.6927128846051422	7.903167440849597	7.903167440849597
1.0964781961431829e-10	0.0021028553641686543	0.0003644090619832861	1.6739535868100326	7.620008847631707	7.620008847631707
1.1220184543019652e-10	0.0015321851180765123	0.00035298837029965405	1.6552734444670172	7.330299199369781	7.330299199369781
1.1481536214968841e-10	0.00108646492972575	0.00034408289773116274	1.6366736831085191	7.033901619177275	7.033901619177275
1.1748975549395304e-10	0.0007407805186527838	0.00033718429401453226	1.6181555219524588	6.730683248566301	6.730683248566301
1.2022644346174132e-10	0.000474599145269039	0.0003318756476345351	1.5997201750797965	6.420518607336135	6.420518607336135
1.2302687708123812e-10	0.00027113303724934923	0.0003278175546720212	1.5813688523352392	6.103294654048456	6.103294654048456
1.2589254117941662e-10	0.00011676568014440392	0.00032473578378844695	1.5631027599802225	5.77891842870989	5.77891842870989
1.2882495516931322e-10	5.415155577281894e-7	0.0003224104588820838	1.5449231011273241	5.447328633412049	5.447328633412049
1.31825673855641e-10	0.00008628242674202369	0.00032066666317724993	1.5268310759822326	5.10851323723452	5.10851323723452
1.348962882591656e-10	0.00015062592278436426	0.0003193663558605196	1.5088278819184975	4.762536307932159	4.762536307932159
1.3803842646028866e-10	0.00019791997093232538	0.0003184014844584554	1.490914713407233	4.4095789491930315	4.4095789491930315
1.4125375446227556e-10	0.0002323908890966564	0.0003176881724980922	1.4730927618230574	4.050001658172988	4.050001658172988
1.445439770745928e-10	0.0002572991057565588	0.00031716186203937374	1.4553632151433256	3.6844387408627597	3.6844387408627597
1.479108388168207e-10	0.00027513776772991605	0.00031677329379921695	1.4377272575580857	3.313939385567579	3.313939385567579
1.5135612484362072e-10	0.0002877962068694728	0.000316485213186838	1.4201860690038757	2.9401732000327385	2.9401732000327385
1.5488166189124796e-10	0.0002966930843522064	0.0003162696980145499	1.4027408246337822	2.565716211025986	2.565716211025986
1.584893192461111e-10	0.0003028837064951162	0.0003161060123738173	1.3853926942340973	2.1944163891356965	2.1944163891356965
1.621810097358933e-10	0.0003071456154115637	0.00031597890064197914	1.3681428415964207	1.831786744766557	1.831786744766557
1.6595869074375631e-10	0.00031004613070262366	0.0003158772453650503	1.3509924238527216	1.485266114872129	1.485266114872129
1.698243652461746e-10	0.000311995078835281	0.00031579302246832405	1.3339425907792926	1.164030026547426	1.3339425907792926
1.7378008287493763e-10	0.0003132855135410395	0.00031572049657595594	1.3169944840752699	0.8779438731139777	1.3169944840752699
1.778279410038923e-10	0.00031412481771653233	0.0003156556079556283	1.3001492366191139	0.6355014625593896	1.3001492366191139
1.8197008586099825e-10	0.0003146581947595095	0.000315595510579577	1.283407971708141	0.4413528462737695	1.283407971708141
1.8620871366628656e-10	0.0003149862114044666	0.0003155382279420929	1.2667718022829808	0.29477723713220527	1.2667718022829808
1.9054607179632444e-10	0.00031517774810829735	0.00031548239952279913	1.250241830139533	0.19014991262974235	1.250241830139533
1.9498445997580414e-10	0.0003152794477605525	0.0003154270961848414	1.2338191451320988	0.11905470453871558	1.2338191451320988
1.9952623149688828e-10	0.0003153225277632288	0.0003153716873431356	1.217504824367567	0.07267750478865409	1.217504824367567
2.0417379446695316e-10	0.0003153276319469711	0.00031531574653030636	1.2012999313943142	0.04340137600421912	1.2012999313943142
2.089296130854041e-10	0.0003153082438549504	0.0003152589850784551	1.1852055153863539	0.025400968814309977	1.1852055153863539
2.1379620895022325e-10	0.0003152730579039087	0.0003152012061255448	1.1692226103244918	0.014570371376130709	1.1692226103244918
2.1877616239495518e-10	0.00031522760558733154	0.00031514227311812623	1.1533522341762206	0.008173204307052373	1.1533522341762206
2.2387211385683377e-10	0.00031517535624558946	0.00031508208852200695	1.1375953880755763	0.004456690778226857	1.1375953880755763
2.29086765276777e-10	0.00031511845230536295	0.000315020579618127	1.1219530555040986	0.002330598138836848	1.1219530555040986
2.3442288153199274e-10	0.0003150581937285679	0.0003149576891521219	1.1064262014749096	0.0011322813638123819	1.1064262014749096
2.398832919019495e-10	0.0003149953528058802	0.00031489336926214875	1.0910157717205395	0.00046671340650661364	1.0910157717205395
2.4547089156850336e-10	0.0003149303758318567	0.00031482757758695065	1.0757226918865648	0.00010243626022798935	1.0757226918865648
2.511886431509582e-10	0.00031486351045995065	0.0003147602748066504	1.0605478667318398	0.00009399448060420923	1.0605478667318398
2.570395782768865e-10	0.00031479488492980323	0.00031469142310780115	1.0454921793372245	0.0001983199787538581	1.0454921793372245
2.6302679918953814e-10	0.00031472455663461574	0.0003146209852365432	1.0305564903239173	0.00025286845498229127	1.0305564903239173
2.6915348039269137e-10	0.00031465254141949117	0.00031454892392233577	1.015741637082753	0.0002809296025851893	1.015741637082753
2.754228703338163e-10	0.0003145788309852904	0.0003144752015270848	1.0010484330161251	0.0002951172494718435	1.0010484330161251
2.8183829312644494e-10	0.0003145034030600513	0.0003143997798349188	0.9864776667938164	0.00030215434518510165	0.9864776667938164
2.8840315031266117e-10	0.0003144262272387621	0.0003143226199211861	0.9720301016239317	0.00030556591836017333	0.9720301016239317
2.95120922666639e-10	0.0003143472682793913	0.000314243682072831	0.9577064745407018	0.00030716958417187357	0.9577064745407018
3.0199517204020193e-10	0.0003142664879334234	0.0003141629257344368	0.9435074957101204	0.0003078866708001726	0.9435074957101204
3.090295432513592e-10	0.0003141838459264079	0.0003140803094699579	0.9294338477553366	0.00030817608782385264	0.9294338477553366
3.1622776601683795e-10	0.0003140993004890902	0.0003139957909342253	0.9154861851024778	0.00030826235561676185	0.9154861851024778
3.2359365692962813e-10	0.0003140128086123184	0.00031390932684768544	0.9016651333486569	0.000308253318245022	0.9016651333486569
3.3113112148259076e-10	0.00031392432618382315	0.0003138208729737933	0.8879712886533442	0.0003081998041025713	0.8879712886533442
3.38844156139202e-10	0.00031383380804062	0.00031373038409792525	0.8744052171545063	0.000308125301945239	0.8744052171545063
3.46736850452531e-10	0.00031374120798233207	0.0003136378140054484	0.8609674544101829	0.00030804044179078005	0.8609674544101829
3.5481338923357605e-10	0.0003136464787720783	0.000313543115461775	0.8476585048675034	0.0003079499239930783	0.8476585048675034
3.6307805477010177e-10	0.0003135495721240389	0.0003134462401896271	0.8344788413595312	0.00030785576896619204	0.8344788413595312
3.715352290971728e-10	0.00031345043868213907	0.00031334713884829946	0.821428904631369	0.0003077588103757023	0.821428904631369
3.801893963205613e-10	0.00031334902800672637	0.00031324576101104257	0.8085091028965898	0.00030765936703147645	0.8085091028965898
3.8904514499428046e-10	0.00031324528854703715	0.000313142055143531	0.795719811424731	0.0003075575387683216	0.795719811424731
3.9810717055349694e-10	0.0003131391676181039	0.00031303596858009083	0.783061372160927	0.0003074533339670893	0.783061372160927
4.073802778041122e-10	0.0003130306113865444	0.00031292744750151605	0.7705340933784743	0.00030734672320065215	0.7705340933784743
4.1686938347033633e-10	0.0003129195648350347	0.0003128164369111605	0.7581382493650635	0.0003072376613957317	0.7581382493650635
4.265795188015934e-10	0.000312805971748098	0.0003127028806107074	0.7458740801434285	0.00030712609666849744	0.7458740801434285
4.3651583224016655e-10	0.0003126897746845714	0.00031258672117649364	0.733741791226997	0.0003070119738204369	0.733741791226997
4.4668359215096347e-10	0.00031257091495007217	0.0003124678999345855	0.7217415534111478	0.0003068952356244381	0.7217415534111478
4.5708818961487517e-10	0.0003124493325765698	0.00031234635693562843	0.7098735026004457	0.00030677582333993314	0.7098735026004457
4.677351412871981e-10	0.0003123249662939642	0.00031222203092912473	0.6981377396723838	0.0003066536768443484	0.6981377396723838
4.78630092322638e-10	0.00031219775350344037	0.00031209485933815506	0.6865343303778602	0.00030652873466863184	0.6865343303778602
4.897788193684456e-10	0.00031206763025437567	0.00031196477823285454	0.6750633052785613	0.00030640093401856916	0.6750633052785613
5.011872336272714e-10	0.000311934531219471	0.0003118317223031915	0.6637246597216304	0.0003062702107285986	0.6637246597216304
5.128613839913658e-10	0.00031179838965567086	0.0003116956248326794	0.6525183538513311	0.00030613649925470554	0.6525183538513311
5.248074602497734e-10	0.00031165913739261697	0.00031155641767044093	0.641444312658046	0.00030599973264244795	0.641444312658046
5.370317963702532e-10	0.0003115167047935685	0.0003114140312034351	0.63050242606427	0.00030585984250564024	0.63050242606427
5.495408738576248e-10	0.0003113710207323095	0.0003112683943281881	0.6196925490474543	0.00030571675898727335	0.6196925490474543
5.623413251903491e-10	0.00031122201256295057	0.0003111194344222884	0.6090145017995576	0.00030557041073819846	0.6090145017995576
5.754399373371567e-10	0.0003110696060906193	0.00031096707731454246	0.5984680699227294	0.00030542072489581074	0.5984680699227294
5.888436553555884e-10	0.00031091372554215013	0.0003108112472567891	0.5880530046609529	0.00030526762704496946	0.5880530046609529
6.025595860743569e-10	0.00031075429353677464	0.00031065186689309757	0.5777690231668853	0.0003051110411789182	0.5777690231668853
6.165950018614809e-10	0.0003105912310532588	0.0003104888572295489	0.5676158088035281	0.00030495088970283746	0.5676158088035281
6.309573444801942e-10	0.0003104244574059223	0.00031032213760431165	0.5575930114798728	0.00030478709336634324	0.5575930114798728
6.456542290346563e-10	0.0003102538902055585	0.0003101516256560251	0.5477002480199262	0.0003046195712599342	0.5477002480199262
6.606934480075964e-10	0.0003100794453336775	0.0003099772372927266	0.537937102564312	0.0003044482407688065	0.537937102564312
6.760829753919819e-10	0.0003099010369060906	0.00030979888666019667	0.5283031270034497	0.0003042730175444319	0.5283031270034497
6.918309709189363e-10	0.0003097185772480415	0.0003096164861097206	0.5187978414415149	0.0003040938154867945	0.5187978414415149
7.079457843841373e-10	0.00030953197685335	0.0003094299461659407	0.509420734690119	0.0003039105466839942	0.509420734690119
7.244359600749891e-10	0.0003093411443586547	0.0003092391754939243	0.5001712647907084	0.0003037231214157998	0.5001712647907084
7.413102413009192e-10	0.0003091459865061097	0.0003090440808663844	0.491048859564553	0.0003035314480932527	0.491048859564553
7.585775750291851e-10	0.000308946408110522	0.000308844567130033	0.482052917189141	0.00030333543323024514	0.482052917189141
7.762471166286927e-10	0.0003087423120282651	0.000308640537172198	0.47318280679988156	0.0003031349814293094	0.47318280679988156
7.943282347242822e-10	0.00030853359912175193	0.0003084318918870031	0.4644378691157929	0.0003029299953247744	0.4644378691157929
8.128305161640995e-10	0.00030832016822301966	0.0003082185301404826	0.4558174170879603	0.0003027203755650021	0.4558174170879603
8.317637711026709e-10	0.0003081019161044196	0.00030800034873747564	0.447320736569492	0.00030250602076620225	0.447320736569492
8.511380382023759e-10	0.00030787873743953753	0.0003077772423856935	0.4389470870054817	0.00030228682749111613	0.4389470870054817
8.709635899560796e-10	0.0003076505247676664	0.0003075491036613927	0.43069570214191444	0.0003020626902099366	0.43069570214191444
8.912509381337441e-10	0.0003074171684653848	0.00030731582297463533	0.4225657907518796	0.0003018335012576756	0.4225657907518796
9.120108393559115e-10	0.0003071785567048124	0.0003070772885334465	0.41455653737782416	0.0003015991508092952	0.41455653737782416
9.332543007969924e-10	0.0003069345754171948	0.00030683338630896687	0.4066671030884912	0.00030135952684773315	0.4066671030884912
9.549925860214368e-10	0.0003066851082653699	0.00030658399999967945	0.39889662624906563	0.00030111451511416476	0.39889662624906563
9.772372209558112e-10	0.00030643003660024704	0.0003063290109961321	0.3912442233031541	0.00030086399909379224	0.3912442233031541
1.e-9	0.00030616923943060925	0.0003060682983449699	0.3837089895652479	0.0003006078599590012	0.3837089895652479
1.0232929922807536e-9	0.0003059025933822568	0.00030580173871391433	0.37629000002221513	0.000300345976551597	0.37629000002221513
1.0471285480508984e-9	0.0003056299726686973	0.00030552920635536565	0.3689863101424642	0.00030007822533661965	0.3689863101424642
1.0715193052376092e-9	0.00030535124904673694	0.0003052505730714028	0.36179695669143985	0.00029980448037392193	0.36179695669143985
1.0964781961431829e-9	0.00030506629179338773	0.00030496570817772906	0.3547209585520408	0.0002995246132897478	0.3547209585520408
1.1220184543019653e-9	0.0003047749676587941	0.0003046744784691545	0.34775731754869454	0.00029923849322344154	0.34775731754869454
1.148153621496884e-9	0.00030447714083514654	0.0003043767481836421	0.34090501927378636	0.0002989459867990263	0.34090501927378636
1.1748975549395303e-9	0.0003041726729247074	0.0003040723789672177	0.33416303391504343	0.00029864695810744024	0.33416303391504343
1.2022644346174132e-9	0.000303861422901619	0.00030376122984007714	0.327530317082827	0.00029834126865324606	0.327530317082827
1.2302687708123811e-9	0.0003035432470790411	0.0003034431571611283	0.3210058106359277	0.00029802877732976185	0.3210058106359277
1.2589254117941663e-9	0.00030321799907095937	0.00030311801459472973	0.3145884435048112	0.0002977093403799813	0.3145884435048112
1.2882495516931322e-9	0.0003028855297673161	0.00030278565307663083	0.3082771325110789	0.00029738281137170475	0.3082771325110789
1.31825673855641e-9	0.0003025456872904897	0.00030244592078064805	0.30207078318212854	0.0002970490411513538	0.30207078318212854
1.3489628825916506e-9	0.00030219831697042565	0.00030209866308635383	0.2959682905598484	0.0002967078778333132	0.2959682905598484
1.3803842646028867e-9	0.0003018432613099975	0.000301743722547463	0.28996854000243566	0.000296359166750193	0.28996854000243566
1.4125375446227555e-9	0.0003014803599512561	0.0003013809388589979	0.2840704079782048	0.0002960027504173013	0.2840704079782048
1.445439770745928e-9	0.0003011094496487843	0.0003010101488286551	0.27827276285066294	0.0002956384685361968	0.27827276285066294
1.4791083881682072e-9	0.0003007303642368342	0.00030063118634530983	0.2725744656537419	0.00029526615791652944	0.2725744656537419
1.5135612484362073e-9	0.0003003429346035702	0.0003002438823515377	0.26697437085650666	0.00029488565249735643	0.26697437085650666
1.5488166189124797e-9	0.0002999469886590944	0.0002998480648147492	0.2614713271164746	0.0002944967832796408	0.2614713271164746
1.584893192461111e-9	0.00029954235131413043	0.0002994435587011235	0.25606417802078685	0.0002940993783191459	0.25606417802078685
1.6218100973589331e-9	0.0002991288444480489	0.0002990301859495774	0.25075176281459477	0.0002936932627086719	0.25075176281459477
1.6595869074375631e-9	0.0002987062868911039	0.0002986077654477705	0.24553291711591374	0.0002932782585318705	0.24553291711591374
1.698243652461746e-9	0.0002982744943924587	0.0002981761130091305	0.2404064736164626	0.00029285418485969217	0.2404064736164626
1.7378008287493762e-9	0.00029783327961308004	0.0002977350413512249	0.2353712627678135	0.00029242085772196447	0.2353712627678135
1.7782794100389228e-9	0.0002973824520910995	0.00029728436007618944	0.2304261134524248	0.0002919780900896285	0.2304261134524248
1.8197008586099825e-9	0.0002969218182320432	0.00029682387565281923	0.22556985363903603	0.00029152569184986987	0.22556985363903603
1.8620871366628656e-9	0.00029645118128929226	0.00029635339139990127	0.2208013110220728	0.00029106346980967146	0.2208013110220728
1.9054607179632523e-9	0.00029597034135342426	0.0002958727074721286	0.21611931364461956	0.0002905912276531808	0.21611931364461956
1.9498445997580416e-9	0.00029547909533800265	0.0002953816208486164	0.21152269050470895	0.00029010876596302637	0.21152269050470895
1.9952623149688828e-9	0.0002949772369653658	0.0002948799253218032	0.20701027214453926	0.0002896158821776851	0.20701027214453926
2.0417379446695317e-9	0.00029446455676840344	0.0002943674114908798	0.20258089122251022	0.00028911237060214034	0.20258089122251022
2.089296130854041e-9	0.0002939408420772338	0.000293843866757227	0.19823338306775629	0.00028859802241143484	0.19823338306775629
2.1379620895022324e-9	0.00029340587702275656	0.00029330907532102227	0.19396658621710028	0.0002880726256258015	0.19396658621710028
2.1877616239495518e-9	0.0002928594425330999	0.00029276281818339106	0.18977934293424603	0.0002875359651355325	0.18977934293424603
2.2387211385683377e-9	0.0002923013163416144	0.00029220487314914056	0.185670499711172	0.00028698782267966294	0.185670499711172
2.29086765276777e-9	0.00029173127298953716	0.0002916350148340491	0.18163890775164226	0.00028642797687084	0.18163890775164226
2.3442288153199275e-9	0.00029114908383842675	0.00029105301467629435	0.1776834234368332	0.00028585620321308625	0.1776834234368332
2.3988329190194848e-9	0.00029055451708792646	0.00029045864094894014	0.17380290877311122	0.0002852722740804836	0.17380290877311122
2.4547089156850337e-9	0.0002899473377881989	0.0002898516587793061	0.16999623182194767	0.00028467595877756935	0.16999623182194767
2.511886431509582e-9	0.0002893273078612424	0.0002892318301703396	0.16626226711214542	0.0002840670235322307	0.16626226711214542
2.5703957827688646e-9	0.00028869418613552966	0.0002885989140271397	0.16259989603438818	0.00028344523154189005	0.16259989603438818
2.6302679918953816e-9	0.0002880477283682126	0.00028795266618753326	0.15900800721830954	0.00028281034297705787	0.15900800721830954
2.691534803926914e-9	0.00028738768728420183	0.0002872928394579734	0.15548549689223456	0.0002821621150381759	0.15548549689223456
2.7542287033381634e-9	0.00028671381261613504	0.0002866191836533548	0.1520312692256951	0.0002815003019946971	0.1520312692256951
2.8183829312644493e-9	0.0002860258511496738	0.000285931445643723	0.14864423665506976	0.00028082465522061284	0.14864423665506976
2.8840315031266117e-9	0.00028532354677857086	0.0002852293694045535	0.14532332019242666	0.0002801349232512962	0.14532332019242666
2.95120922666639e-9	0.0002846066405535197	0.00028451269607460833	0.1420674497179082	0.0002794308518296873	0.1420674497179082
3.019951720402019e-9	0.00028387487075409723	0.00028378116401839293	0.13887556425587633	0.0002787121839915585	0.13887556425587633
3.090295432513592e-9	0.0002831279729536007	0.0002830345088953405	0.13574661223508855	0.00027797866010814687	0.13574661223508855
3.1622776601683795e-9	0.00028236568009543106	0.0002822724637368233	0.13267955173323553	0.0002772300179678666	0.13267955173323553
3.235936569296281e-9	0.0002815877225721408	0.0002814947590279379	0.12967335070610453	0.00027646599286512696	0.12967335070610453
3.3113112148259078e-9	0.0002807938283284628	0.00028070112279825893	0.12672698720170494	0.00027568631768915	0.12672698720170494
3.3884415613920344e-9	0.00027998372294213425	0.00027989128071937916	0.12383944955968129	0.00027489072300568296	0.12383944955968129
3.4673685045253096e-9	0.00027915712974291296	0.00027906495621099134	0.1210097365963394	0.0002740789371884489	0.1210097365963394
3.5481338923357603e-9	0.00027831376991915846	0.00027822187055399905	0.11823685777565451	0.00027325068648664796	0.11823685777565451
3.6307805477010177e-9	0.0002774533626439535	0.00027736174301383823	0.11551983336658633	0.000272405695206146	0.11551983336658633
3.715352290971728e-9	0.0002765756252030016	0.0002764842909708347	0.11285769458707051	0.00027154368577342325	0.11285769458707051
3.8018939632056126e-9	0.00027568027313940036	0.00027558923006217734	0.11024948373507115	0.000270664378927421	0.11024948373507115
3.890451449942805e-9	0.00027476702040374335	0.0002746762743312328	0.10769425430699364	0.0002697674938332284	0.10769425430699364
3.981071705534969e-9	0.00027383557950866333	0.00027374513638873943	0.10519107110393477	0.00026885274825971806	0.10519107110393477
4.073802778041122e-9	0.00027288566170824424	0.00027279552758326456	0.10273901032602861	0.00026791985873231283	0.10273901032602861
4.168693834703363e-9	0.00027191697717654506	0.00027182715818345124	0.10033715965534284	0.00026696854073193776	0.10033715965534284
4.2657951880159165e-9	0.00027092923519411727	0.000270839737570569	0.0979846183276587	0.0002659985088584449	0.0979846183276587
4.365158322401665e-9	0.00026992214436649675	0.0002698329744434125	0.09568049719352345	0.00026500947705443423	0.09568049719352345
4.466835921509635e-9	0.000268895412829373	0.00026880657703494404	0.09342391876893075	0.000264001158800653	0.09342391876893075
4.570881896148752e-9	0.0002678487484812919	0.0002677602533422592	0.09121401727602141	0.0002629732673611329	0.09121401727602141
4.6773514128719815e-9	0.0002667818592252402	0.00026669371136722395	0.08904993867415278	0.00026192551600345837	0.08904993867415278
4.78630092322638e-9	0.0002656944532306582	0.00026560665937364406	0.08693084068170176	0.0002608576182545619	0.08693084068170176
4.897788193684457e-9	0.0002645862391927878	0.0002644988061554672	0.08485589278898775	0.00025976928817783573	0.08485589278898775
5.011872336272715e-9	0.0002634569266231068	0.000263369861320438	0.08282427626262212	0.0002586602406253746	0.08282427626262212
5.128613839913658e-9	0.0002623062261433162	0.0002622195355886335	0.08083518414169077	0.00025753019156482537	0.08083518414169077
5.248074602497734e-9	0.0002611338498024196	0.00026104754110485226	0.07888782122607463	0.00025637885835649854	0.07888782122607463
5.370317963702533e-9	0.00025993951140357296	0.0002598535917679619	0.07698140405727028	0.00025520596008732355	0.07698140405727028
5.495408738576248e-9	0.00025872292684780973	0.00025863740357487397	0.07511516089204662	0.0002540112179225673	0.07511516089204662
5.623413251903491e-9	0.00025748381449641755	0.0002573986949815227	0.07328833166924564	0.00025279435543623663	0.07328833166924564
5.754399373371567e-9	0.0002562218955493023	0.0002561371872806528	0.0715001679700853	0.00025155509900187667	0.0715001679700853
5.888436553555884e-9	0.0002549368944357866	0.0002548526049961433	0.06974993297223708	0.00025029317817626406	0.06974993297223708
6.025595860743593e-9	0.00025362853923116546	0.0002535446762953475	0.06803690139803376	0.0002490083260902054	0.06803690139803376
6.16595001861481e-9	0.00025229656208747286	0.00025221313341947105	0.06636035945706986	0.00024770027989262644	0.06636035945706986
6.309573444801943e-9	0.00025094069967668275	0.0002508577131311966	0.06471960478350969	0.00024636878117334504	0.06471960478350969
6.456542290346562e-9	0.00024956069366410816	0.0002494781571824381	0.06311394636839385	0.0002450135764355821	0.06311394636839385
6.606934480075964e-9	0.0002481562911897939	0.00024807421280010483	0.06154270448720922	0.00024363441755781423	0.06154270448720922
6.760829753919819e-9	0.00024672724537566637	0.00024664563319031635	0.06000521062300468	0.00024223106230891744	0.06000521062300468
6.918309709189363e-9	0.0002452733158504472	0.0002451921780646481	0.05850080738531371	0.00024080327484909958	0.05850080738531371
7.0794578438413736e-9	0.0002437942692949946	0.00024371361418300957	0.05702884842514244	0.00023935082626991289	0.05702884842514244
7.244359600749891e-9	0.00024228988000452034	0.0002422097159191887	0.05558869834627611	0.00023787349514492462	0.05558869834627611
7.413102413009192e-9	0.0002407599304756758	0.00024068026584466232	0.054179732613128806	0.00023637106811236208	0.054179732613128806
7.58577575029182e-9	0.00023920421201051312	0.00023912505533380327	0.05280133745539661	0.0002348433404648631	0.05280133745539661
7.762471166286927e-9	0.00023762252534265116	0.00023754388518906072	0.05145290976971584	0.00023329011675343736	0.05145290976971584
7.943282347242822e-9	0.00023601468127942837	0.00023593656628693657	0.05013385701854922	0.0002317112114411657	0.05013385701854922
8.128305161640994e-9	0.00023438050137691846	0.000234302920243689	0.04884359712653197	0.00023010644954979398	0.04884359712653197
8.317637711026709e-9	0.00023271981861849866	0.0002326427801025155	0.0475815583744339	0.0002284756673169852	0.0475815583744339
8.511380382023759e-9	0.00023103247812539252	0.00023095599104010905	0.04634717929100152	0.00022681871291752032	0.04634717929100152
8.709635899560797e-9	0.0002293183378823116	0.00022924241109390994	0.045139908542789264	0.0002251354471667355	0.045139908542789264
8.912509381337441e-9	0.00022757726948885448	0.00022750191190875138	0.04395920482221527	0.00022342574424172312	0.04395920482221527
9.120108393559115e-9	0.00022580915892156384	0.00022573437950349634	0.04280453673400331	0.00022168949246292868	0.04280453673400331
9.332543007969925e-9	0.0002240139073199643	0.0002239397150567736	0.041675382680160133	0.0002199265950331153	0.041675382680160133
9.549925860214368e-9	0.00022219143179391665	0.00022211783571092839	0.04057123074365787	0.00021813697084027694	0.04057123074365787
9.772372209558111e-9	0.0002203416662460711	0.00022026867539432643	0.03949157857097685	0.0002163205552783154	0.03949157857097685
1.e-8	0.00021846456220941946	0.00021839218566140767	0.03843593325364392	0.00021447730105350615	0.03843593325364392
1.0232929922807536e-8	0.00021656008970349916	0.00021648833654840452	0.037403811208908344	0.00021260717903714976	0.037403811208908344
1.0471285480508984e-8	0.0002146282381101372	0.0002145571174457378	0.0363947380596894	0.00021071017910045953	0.0363947380596894
1.071519305237607e-8	0.00021266901705807584	0.00021259853798433204	0.035408248513904894	0.0002087863110205035	0.035408248513904894
1.0964781961431851e-8	0.0002106824573226973	0.00021061262893605145	0.03444388624332362	0.00020683560533640843	0.03444388624332362
1.1220184543019653e-8	0.0002086686117408476	0.0002085994431257586	0.03350120376202881	0.00020485811424819644	0.03350120376202881
1.148153621496884e-8	0.00020662755613276573	0.00020655905635498517	0.03257976230460358	0.00020285391254049046	0.03257976230460358
1.1748975549395302e-8	0.0002045593902328946	0.0002044915683338533	0.03167913170415915	0.0002008230984777981	0.03167913170415915
1.202264434617413e-8	0.00020246423863934382	0.00020239710362176394	0.030798890270256507	0.00019876579473177003	0.030798890270256507
1.2302687708123811e-8	0.00020034225174647702	0.00020027581257327232	0.029938624666851155	0.0001966821493191162	0.029938624666851155
1.2589254117941661e-8	0.00019819360670680908	0.000198127872286704	0.029097929790314225	0.000194572336532417	0.029097929790314225
1.2882495516931323e-8	0.0001960185083742516	0.00019595348755682002	0.028276408647612605	0.0001924365578567233	0.028276408647612605
1.3182567385564074e-8	0.00019381719025979294	0.00019375289182338787	0.027473672234726187	0.00019027504292878916	0.027473672234726187
1.3489628825916533e-8	0.00019158991547563176	0.00019152634811916286	0.026689339415357338	0.00018808805043590837	0.026689339415357338
1.3803842646028866e-8	0.0001893369776784226	0.0001892741500096745	0.025923036799990307	0.00018587586907159448	0.025923036799990307
1.4125375446227554e-8	0.00018705870199831054	0.00018699662252566127	0.0251743986253663	0.0001836388184273119	0.0251743986253663
1.4454397707459279e-8	0.00018475544596174842	0.0001846941230819535	0.02444306663439999	0.00018137724989486514	0.02444306663439999
1.4791083881682072e-8	0.0001824276003929981	0.0001823670423811534	0.023728689956616478	0.0001790915475687882	0.023728689956616478
1.5135612484362072e-8	0.0001800755903023088	0.00018001580529924954	0.023030924989104307	0.0001767821290989957	0.023030924989104307
1.5488166189124795e-8	0.00017769987574478563	0.0001776408717471742	0.022349435278052887	0.00017444944654698702	0.022349435278052887
1.5848931924611143e-8	0.00017530095265883006	0.00017524273750592692	0.02168389140088589	0.0001720939871994176	0.02168389140088589
1.6218100973589297e-8	0.00017287935366905316	0.0001728219350322531	0.021033970849015482	0.00016971627435680148	0.021033970849015482
1.659586907437563e-8	0.00017043564885987905	0.00017037903422708126	0.02039935791123959	0.00016731686809023927	0.02039935791123959
1.698243652461746e-8	0.00016797044650118664	0.0001679146431657584	0.019779743557802654	0.00016489636596617174	0.019779743557802654
1.7378008287493763e-8	0.00016548439373220702	0.00016542940878323462	0.019174825325109168	0.00016245540369652645	0.019174825325109168
1.7782794100389228e-8	0.000162978177206341	0.00016292401751015484	0.018584307201125583	0.00015999465578531158	0.018584307201125583
1.8197008586099826e-8	0.00016045252366492235	0.00016039919585390458	0.018007899511441217	0.00015751483607928662	0.018007899511441217
1.8620871366628656e-8	0.00015790820045946674	0.0001578557109205396	0.017445318806007748	0.0001550166983008694	0.017445318806007748
1.9054607179632482e-8	0.00015534601601530085	0.00015529437087146575	0.01689628774653862	0.00015250103646380353	0.01689628774653862
1.9498445997580454e-8	0.00015276682020726184	0.0001527160253081382	0.01636053499455592	0.0001499686852852733	0.01636053499455592
1.995262314968883e-8	0.0001501715046758889	0.000150121565581373	0.01583779510007588	0.00014742052046301524	0.01583779510007588
2.0417379446695317e-8	0.00014756100305213238	0.00014751192501764182	0.015327808390901865	0.00014485745890624457	0.015327808390901865
2.0892961308540408e-8	0.00014493629109058048	0.0001448880790561463	0.0148303208625169	0.0001422804588671056	0.0148303208625169
2.1379620895022325e-8	0.00014229838672097372	0.00014225104529271004	0.014345084068536629	0.000139690519986857	0.014345084068536629
2.1877616239495518e-8	0.00013964834998159148	0.00013960188342136345	0.013871855011678313	0.00013708868322126477	0.013871855011678313
2.2387211385683378e-8	0.00013698728286204442	0.000136941695069899	0.013410396035252958	0.0001344760307020465	0.013410396035252958
2.29086765276777e-8	0.00013431632902172197	0.00013427162352185745	0.012960474715081993	0.00013185368544910148	0.012960474715081993
2.3442288153199228e-8	0.00013163667338833562	0.00013159285331940454	0.012521863751860707	0.0001292228109726068	0.012521863751860707
2.3988329190194897e-8	0.00012894954164544004	0.00012890660974085658	0.012094340863857411	0.0001265846107649793	0.012094340863857411
2.4547089156850335e-8	0.00012625619956807554	0.0001262141581466307	0.011677688679961662	0.00012394032767204521	0.011677688679961662
2.511886431509582e-8	0.00012355795223850663	0.0001235168031884365	0.01127169463297939	0.00012129124308657424	0.01127169463297939
2.5703957827688646e-8	0.00012085614310919368	0.00012081588787506148	0.010876150853152744	0.00011863867604944289	0.010876150853152744
2.6302679918953814e-8	0.00011815215291921533	0.0001181127924903512	0.010490854061838029	0.00011598398218382044	0.010490854061838029
2.691534803926914e-8	0.00011544739846147678	0.00011540893335796124	0.010115605465268906	0.00011332855247658813	0.010115605465268906
2.7542287033381633e-8	0.00011274333118382884	0.00011270576144779137	0.009750210648375557	0.00011067381191054437	0.009750210648375557
2.818382931264455e-8	0.00011004143564186109	0.00011000476082012947	0.00939447946856653	0.00010802121792607977	0.00939447946856653
2.8840315031266057e-8	0.00010734322776517757	0.00010730744690340757	0.00904822594941912	0.00010537225875850709	0.00904822594941912
2.95120922666639e-8	0.00010465025297268227	0.00010461536460302373	0.008711268174238285	0.00010272845153380672	0.008711268174238285
3.0199517204020194e-8	0.00010196408410489965	0.0001019300862364278	0.008383428179367769	0.0001000913402933179	0.008383428179367769
3.090295432513592e-8	0.00009928631918487696	0.0000992532092948667	0.008064531847254308	0.00009746249374487093	0.008064531847254308
3.162277660168379e-8	0.00009661857900322701	0.00009658635402914201	0.007754408799141466	0.00009484350292865429	0.007754408799141466
3.235936569296281e-8	0.00009396250452908816	0.00009393116085865127	0.007452892287386881	0.00009223597864504995	0.007452892287386881
3.311311214825908e-8	0.00009131975413367854	0.00009128928760396282	0.007159819087291908	0.0000896415487616764	0.007159819087291908
3.388441561392027e-8	0.00008869200066019545	0.00008866240654517576	0.006875029388437426	0.00008706185531792698	0.006875029388437426
3.4673685045253164e-8	0.00008608092829298641	0.00008605220130755015	0.006598366685443224	0.00008449855144476714	0.006598366685443224
3.5481338923357604e-8	0.00008348822928905264	0.00008346036357642292	0.006329677668116318	0.0000819532981601867	0.006329677668116318
3.6307805477010175e-8	0.00008091560051237678	0.0000808885896488587	0.006068812110956223	0.00007942776098346371	0.006068812110956223
3.715352290971728e-8	0.0000783647398314713	0.00007833857682483514	0.005815622761970118	0.00007692360639310891	0.005815622761970118
3.8018939632056126e-8	0.00007583734235971917	0.00007581201964527301	0.005569965230799667	0.00007444249811072723	0.005569965230799667
3.890451449942805e-8	0.00007333509654117165	0.00007331060598660122	0.0053316978761204226	0.00007198609329961414	0.0053316978761204226
3.981071705534969e-8	0.00007085968011111277	0.0000708360130200203	0.005100681692343123	0.00006955603856440007	0.005100681692343123
4.073802778041122e-8	0.00006841275593139073	0.00006838990304622317	0.004876780195601782	0.00006715396589740408	0.004876780195601782
4.168693834703355e-8	0.00006599596771028615	0.00006597391921762258	0.004659859309087189	0.00006478148844024645	0.004659859309087189
4.265795188015925e-8	0.00006361093562201603	0.00006358968116365604	0.004449787247748027	0.00006244019623125041	0.004449787247748027
4.365158322401665e-8	0.00006125925185518355	0.00006123878053099913	0.004246434402435995	0.000060131651785866325	0.004246434402435995
4.4668359215096346e-8	0.000058942476074186345	0.000058922776458830706	0.004049673223574857	0.00005785738569130672	0.004049673223574857
4.570881896148752e-8	0.00005666213085397942	0.000056643191004235316	0.0038593781044742315	0.00005561889208394177	0.0038593781044742315
4.6773514128719815e-8	0.00005441969706687644	0.00005440150453746989	0.0036754252643973473	0.00005341762416577467	0.0036754252643973473
4.78630092322638e-8	0.000052216609272903725	0.000052199151130125077	0.003497692631562188	0.00005125498963565178	0.003497692631562188
4.897788193684456e-8	0.00005005425111459516	0.00005003751395463857	0.003326059726254549	0.00004913234621284346	0.003326059726254549
5.011872336272725e-8	0.00004793395075530782	0.00004791792072082052	0.0031604075442599466	0.00004705099712865035	0.0031604075442599466
5.128613839913648e-8	0.000045856976370828306	0.000045841639172310156	0.003000618440885283	0.0000450121867316966	0.003000618440885283
5.248074602497734e-8	0.00004382453173334966	0.000043809872669269	0.0028465760158384867	0.00004301709612164473	0.0028465760158384867
5.3703179637025324e-8	0.000041837751900253295	0.000041823755881492675	0.0026981649992627865	0.00004106683896765162	0.0026981649992627865
5.495408738576248e-8	0.00003989769905032858	0.00003988435062110551	0.0025552711393279637	0.000039162457358798974	0.0025552711393279637
5.6234132519034905e-8	0.0000380053584727591	0.0000379926418403731	0.002417781091711646	0.00003730491793518809	0.002417781091711646
5.7543993733715665e-8	0.00003616163476394263	0.000036149533823290336	0.002285582311442269	0.000035495108111405216	0.002285582311442269
5.8884365535558836e-8	0.000034367348236585826	0.000034355846597083906	0.0021585629475291412	0.00003373383257709861	0.0021585629475291412
6.025595860743581e-8	0.00003262323157571245	0.00003261231259445857	0.002036611740908967	0.000032021810000060213	0.002036611740908967
6.165950018614822e-8	0.00003092992678332962	0.00003091957359072778	0.0019196179262266355	0.000030359670052604315	0.0019196179262266355
6.309573444801943e-8	0.000029287982409087476	0.000029278177944472294	0.0018074711380196007	0.00002874795066887259	0.0018074711380196007
6.456542290346562e-8	0.000027697851123775763	0.000027688578167067712	0.001700061321919577	0.000027187095689384932	0.001700061321919577
6.606934480075964e-8	0.000026159887645427204	0.000026151128846685356	0.0015972786514764081	0.00002567745280401823	0.0015972786514764081
6.760829753919818e-8	0.00002467434703490312	0.00002466608494919309	0.001499013451275566	0.000024219271903547224	0.001499013451275566
6.918309709189362e-8	0.00002324138339204751	0.000023233600518139663	0.001405156127011864	0.00002281270378290401	0.001405156127011864
7.079457843841373e-8	0.00002186104898616037	0.000021853727794424183	0.0013155971031979519	0.000021457799306290326	0.0013155971031979519
7.244359600749892e-8	0.00002053329380213853	0.000020526416771547706	0.0012302267691968183	0.000020154508941772065	0.0012302267691968183
7.413102413009177e-8	0.000019257965549357436	0.00001925151520298929	0.0011489354342728575	0.000018902682789700975	0.0011489354342728575
7.585775750291836e-8	0.000018034810133293888	0.000018028769072413187	0.0010716132923223043	0.000017702071051672874	0.0010716132923223043
7.762471166286928e-8	0.000016863472602324237	0.00001685782353816334	0.0009981503969394012	0.000016552324929364204	0.0009981503969394012
7.943282347242822e-8	0.000015743498561704428	0.000015738224353308017	0.0009284366474364703	0.000015452998052722933	0.0009284366474364703
8.128305161640995e-8	0.00001467433608581814	0.000014669419768666148	0.0008623617864014221	0.000014403548327379667	0.0008623617864014221
8.317637711026709e-8	0.000013655338092277702	0.000013650762913382242	0.0007998154092856424	0.00001340334027943868	0.0007998154092856424
8.511380382023759e-8	0.000012685765200970422	0.000012681514649018344	0.0007406869864921006	0.000012451647862121717	0.0007406869864921006
8.709635899560797e-8	0.000011764789051404989	0.000011760846887455545	0.0006848658983242828	0.000011547657706501013	0.0006848658983242828
8.912509381337459e-8	0.000010891496072140683	0.000010887846358734188	0.0006322414830322032	0.000010690472834085085	0.0006322414830322032
9.120108393559096e-8	0.000010064891684535837	0.000010061518811978198	0.0005827030981491177	9.879116760203033e-6	0.0005827030981491177
9.332543007969924e-8	9.283904912393837e-6	9.280793625540684e-6	0.0005361401951340383	9.112538037925333e-6	0.0005361401951340383
9.549925860214369e-8	8.547393378854906e-6	8.544528801994467e-6	0.0004924424071921507	8.38961516436143e-6	0.0004924424071921507
9.772372209558111e-8	7.854148661223803e-6	7.851516318609086e-6	0.0004514996500626367	7.709161810254272e-6	0.0004514996500626367
1.e-7	7.202901957548136e-6	7.200487796760191e-6	0.0004132022353378062	7.069932415504354e-6	0.0004132022353378062
1.0232929922807536e-7	6.592330048960093e-6	6.590120456444193e-6	0.0003774409957513214	6.47062801562015e-6	0.0003774409957513214
1.0471285480509007e-7	6.021061493832747e-6	6.019043313633399e-6	0.0003441074216983253	5.909902331069361e-6	0.0003441074216983253
1.0715193052376071e-7	5.487683027993739e-6	5.485843576402694e-6	0.00031309380807709175	5.386368052029411e-6	0.00031309380807709175
1.0964781961431852e-7	4.9907461212583826e-6	4.989073195550697e-6	0.0002842934103730599	4.898603261693779e-6	0.0002842934103730599
1.122018454301963e-7	4.528773630774197e-6	4.527255521816209e-6	0.0002576006087462446	4.445157980370595e-6	0.0002576006087462446
1.148153621496884e-7	4.100266516537943e-6	4.098892017821709e-6	0.00023291107870981875	4.024560738002947e-6	0.00023291107870981875
1.1748975549395303e-7	3.7037105684589733e-6	3.702468977392903e-6	0.00021012196686154283	3.635325196427175e-6	0.00021012196686154283
1.2022644346174132e-7	3.3375830756909863e-6	3.336464198103184e-6	0.00018913206997872578	3.275956675707903e-6	0.00018913206997872578
1.2302687708123812e-7	3.0003594062577577e-6	2.9993535597960808e-6	0.00016984201569769652	2.944958630735073e-6	0.00016984201569769652
1.2589254117941662e-7	2.6905194445703273e-6	2.6896174549415064e-6	0.00015215444287086655	2.640838950185298e-6	0.00015215444287086655
1.2882495516931348e-7	2.406553829104041e-6	2.4057470246544033e-6	0.00013597417967936565	2.3621160885056725e-6	0.00013597417967936565
1.3182567385564074e-7	2.146969942273813e-6	2.1462501536770318e-6	0.00012120841749574396	2.1073249421021956e-6	0.00012120841749574396
1.3489628825916533e-7	1.910297627638613e-6	1.909657177161239e-6	0.00010776687851876687	1.8750224661800985e-6	0.00010776687851876687
1.380384264602884e-7	1.695094570486333e-6	1.694526262509266e-6	0.00009556197520854681	1.6637929434182297e-6	0.00009556197520854681
1.4125375446227555e-7	1.499951312489145e-6	1.499448424487071e-6	0.00008450895962841543	1.4722529151356412e-6	0.00008450895962841543
1.445439770745928e-7	1.3234958746721759e-6	1.3230521430859787e-6	0.00007452606088076408	1.2990557038961015e-6	0.00007452606088076408
1.479108388168207e-7	1.1643979487274692e-6	1.1640075550170548e-6	0.00006553460895553087	1.142895559524959e-6	0.00006553460895553087
1.5135612484362072e-7	1.021372637133311e-6	1.02103019370553e-6	0.000057459143481430885	1.0025112828770943e-6	0.000057459143481430885
1.5488166189124826e-7	8.931837287562416e-7	8.928842617633714e-7	0.00005022750604499748	8.766894836753636e-7	0.00005022750604499748
1.584893192461114e-7	7.786464868431153e-7	7.783854204732044e-7	0.00004377091496721164	7.642672912311355e-7	0.00004377091496721164
1.6218100973589298e-7	6.766299547322774e-7	6.764030915026864e-7	0.000038024021665528096	6.641346210756183e-7	0.000038024021665528096
1.6595869074375596e-7	5.860587650730054e-7	5.858622675533609e-7	0.00003292494798934342	5.752359584221267e-7	0.00003292494798934342
1.6982436524617461e-7	5.059144640995328e-7	5.057448374673479e-7	0.000028415304171858224	4.965716478011473e-7	0.000028415304171858224
1.7378008287493765e-7	4.352363633941536e-7	4.3509043333445074e-7	0.000024440187349483722	4.271987421589074e-7	0.000024440187349483722
1.7782794100389227e-7	3.7312192180394277e-7	3.7299681729385803e-7	0.000020948160837974683	3.662313616814572e-7	0.000020948160837974683
1.8197008586099824e-7	3.187266921500509e-7	3.1861982562053637e-7	0.00001789121465733956	3.1284064760939145e-7	0.00001789121465733956
1.8620871366628693e-7	2.7126384694042827e-7	2.7117289432693203e-7	0.000015224708044492274	2.6625430393778515e-7	0.000015224708044492274
1.9054607179632483e-7	2.3000331594857926e-7	2.2992619765765943e-7	0.000012907294944852765	2.2575574121219688e-7	0.000012907294944852765
1.9498445997580455e-7	1.942705631918784e-7	1.9420542562292864e-7	0.000010900833692595313	1.906828721587317e-7	0.000010900833692595313
1.9952623149688787e-7	1.6344504505383384e-7	1.6339024237754796e-7	9.170282276649289e-6	1.6042661954429605e-7	9.170282276649289e-6
2.0417379446695318e-7	1.3695837708382896e-7	1.36912455477034e-7	7.683580777850807e-6	1.3442909008176684e-7	7.683580777850807e-6
2.0892961308540409e-7	1.1429226276504778e-7	1.1425394057934524e-7	6.411522675442427e-6	1.1218156004133562e-7	6.411522675442427e-6
2.1379620895022324e-7	9.49762011259736e-8	9.494435564139092e-8	5.327616806383162e-6	9.322221927732244e-8	5.327616806383162e-6
2.187761623949552e-7	7.858503892066437e-8	7.85586897061874e-8	4.407941858630693e-6	7.713376248830173e-8	4.407941858630693e-6
2.2387211385683422e-7	6.473638691772976e-8	6.471468072533071e-8	3.630995252912328e-6	6.354085968496292e-8	3.630995252912328e-6
2.2908676527677748e-7	5.308794470693101e-8	5.307014383504338e-8	2.9775382959229546e-6	5.210753428741555e-8	2.9775382959229546e-6
2.3442288153199228e-7	4.3334775767789324e-8	4.332024593212136e-8	2.430439394629502e-6	4.2534484379075366e-8	2.430439394629502e-6
2.39883291901949e-7	3.520656655098264e-8	3.5194761376089456e-8	1.974517096492434e-6	3.4556382644268524e-8	1.974517096492434e-6
2.454708915685029e-7	2.846488289520721e-8	2.8455339383393063e-8	1.5963845410027488e-6	2.7939201174831396e-8	1.5963845410027488e-6
2.5118864315095823e-7	2.290049394559901e-8	2.2892815323971583e-8	1.2842968466486582e-6	2.247757535656092e-8	1.2842968466486582e-6
2.570395782768865e-7	1.8330736040184092e-8	1.832458947775839e-8	1.0280027522568957e-6	1.799221038822907e-8	1.0280027522568957e-6
2.6302679918953816e-7	1.4596990283166633e-8	1.4592095420873363e-8	8.186016815514563e-7	1.4327419251003448e-8	8.186016815514563e-7
2.691534803926914e-7	1.1562257817843147e-8	1.1558380433318582e-8	6.484072354595583e-7	1.134873173214146e-8	6.484072354595583e-7
2.754228703338169e-7	9.108863885387564e-9	9.105809613274563e-9	5.108179053081585e-7	8.940645557231619e-9	5.108179053081585e-7
2.818382931264455e-7	7.136300439469778e-9	7.133907520273652e-9	4.0019564462312474e-7	7.004508972840995e-9	4.0019564462312474e-7
2.8840315031266057e-7	5.559210869421349e-9	5.557347151907699e-9	3.117527409557397e-7	5.456545437709792e-9	3.117527409557397e-7
2.951209226666384e-7	4.305532819159907e-9	4.304088654927263e-9	2.414472568545989e-7	4.226016869779414e-9	2.414472568545989e-7
3.019951720402019e-7	3.3147848910175526e-9	3.3136732802141466e-9	1.8588716965695085e-7	3.253568081618141e-9	1.8588716965695085e-7
3.090295432513592e-7	2.5365203271121572e-9	2.535669854641931e-9	1.422431692432724e-7	2.4896777972571726e-9	1.422431692432724e-7
3.162277660168379e-7	1.9289210229089804e-9	1.9282737975800934e-9	1.0816994500117971e-7	1.8932979628516478e-9	1.0816994500117971e-7
3.235936569296281e-7	1.4575389783999526e-9	1.4570503970023907e-9	8.17357177496092e-8	1.430620955034101e-9	8.17357177496092e-8
3.3113112148259143e-7	1.0941869632574708e-9	1.093819902708848e-9	6.13596231602287e-8	1.0739782396740338e-9	6.13596231602287e-8
3.3884415613920274e-7	8.159473097180125e-10	8.156736466813364e-10	4.5756515909545215e-8	8.008775864709605e-10	4.5756515909545215e-8
3.4673685045253164e-7	6.043165967639652e-10	6.041138631007748e-10	3.388871405718419e-8	5.93153970385174e-10	3.388871405718419e-8
3.548133892335753e-7	4.4445691571581847e-10	4.443076462301576e-10	2.4924126762471133e-8	4.362483707609499e-10	2.4924126762471133e-8
3.6307805477010174e-7	3.2455282905630156e-10	3.244445337391433e-10	1.8200225326836517e-8	3.185576247233257e-10	1.8200225326836517e-8
3.715352290971728e-7	2.3526780523752677e-10	2.351888059304308e-10	1.3193291792390482e-8	2.3092283640835376e-10	1.3193291792390482e-8
3.8018939632056126e-7	1.6927170776170897e-10	1.6921486434284816e-10	9.492376662478819e-9	1.6614620790278423e-10	9.492376662478819e-9
3.890451449942805e-7	1.2085799028227484e-10	1.2081736999736137e-10	6.777451488915176e-9	1.1862510973514873e-10	6.777451488915176e-9
3.981071705534977e-7	8.561684694541327e-11	8.558785624668275e-11	4.801201214377215e-9	8.403588935834705e-11	4.801201214377215e-9
4.0738027780411303e-7	6.016609432890618e-11	6.014619358118978e-11	3.3740077398647372e-9	5.905675948270073e-11	3.3740077398647372e-9
4.168693834703355e-7	4.193534408614141e-11	4.1921195681471346e-11	2.351655759014193e-9	4.1161740682582604e-11	2.351655759014193e-9
4.2657951880159254e-7	2.8983038191654487e-11	2.8973885790595233e-11	1.625361178980711e-9	2.844657842615561e-11	1.625361178980711e-9
4.3651583224016567e-7	1.98605576429145e-11	1.985379222135819e-11	1.1137526456650448e-9	1.949373995557835e-11	1.1137526456650448e-9
4.466835921509635e-7	1.3489653838405502e-11	1.3485060290641115e-11	7.564926463032862e-10	1.3240963880889467e-11	7.564926463032862e-10
4.5708818961487516e-7	9.07984798459438e-12	9.077176510441376e-12	5.092211097235122e-10	8.913758620110457e-12	5.092211097235122e-10
4.677351412871981e-7	6.055600465515454e-12	6.053949008766324e-12	3.396296577307112e-10	5.943689984633238e-12	3.396296577307112e-10
4.78630092322638e-7	4.001243780749064e-12	3.999682529620685e-12	2.2439206048829874e-10	3.929301328753354e-12	2.2439206048829874e-10
4.897788193684466e-7	2.618349981275969e-12	2.617100980373266e-12	1.468301036311459e-10	2.568611989772762e-12	1.468301036311459e-10
5.011872336272725e-7	1.6964207816272392e-12	1.6954146420111726e-12	9.513367871250011e-11	1.6626700016786344e-12	9.513367871250011e-11
5.128613839913648e-7	1.0880185641326534e-12	1.0872483469093197e-12	6.10187456118183e-11	1.0658141036401503e-12	6.10187456118183e-11
5.248074602497723e-7	6.901146321069973e-13	6.899689153350153e-13	3.873523723996186e-11	6.785683126508957e-13	3.873523723996186e-11
5.370317963702533e-7	4.32542890393961e-13	4.3316739084531264e-13	2.432987145084553e-11	4.263256414560601e-13	2.432987145084553e-11
5.495408738576248e-7	2.6911806116913795e-13	2.6910418338133013e-13	1.511679670329613e-11	2.6290081223123707e-13	1.511679670329613e-11
5.62341325190349e-7	1.6431300764452317e-13	1.652150638520311e-13	9.29034627006331e-12	1.6342482922482304e-13	9.29034627006331e-12
5.754399373371567e-7	1.0036416142611415e-13	1.0010048345776568e-13	5.644373857194296e-12	9.592326932761353e-14	5.644373857194296e-12
5.888436553555896e-7	6.039613253960852e-14	6.005612673831706e-14	3.390177027995378e-12	6.039613253960852e-14	3.390177027995378e-12
6.025595860743581e-7	3.552713678800501e-14	3.5436931167254215e-14	2.0117241206207837e-12	3.552713678800501e-14	2.0117241206207837e-12
6.165950018614822e-7	2.042810365310288e-14	2.047667591043023e-14	1.1795009413617663e-12	2.1316282072803006e-14	1.1795009413617663e-12
6.30957344480193e-7	1.1546319456101628e-14	1.174060848541103e-14	6.838973831690964e-13	1.0658141036401503e-14	6.838973831690964e-13
6.456542290346562e-7	7.105427357601002e-15	6.439293542825908e-15	3.907985046680551e-13	7.105427357601002e-15	3.907985046680551e-13
6.606934480075964e-7	3.552713678800501e-15	3.4486302702418925e-15	2.2026824808563106e-13	3.552713678800501e-15	2.2026824808563106e-13
6.760829753919819e-7	8.881784197001252e-16	1.7277845820728999e-15	1.234568003383174e-13	0.	1.234568003383174e-13
6.918309709189363e-7	8.881784197001252e-16	8.049116928532385e-16	6.750155989720952e-14	0.	6.750155989720952e-14
7.079457843841387e-7	0.	2.2898349882893854e-16	3.6415315207705135e-14	0.	3.6415315207705135e-14
7.244359600749906e-7	0.	1.1796119636642288e-16	2.042810365310288e-14	0.	2.042810365310288e-14
7.413102413009177e-7	0.	2.2898349882893854e-16	1.0658141036401503e-14	0.	1.0658141036401503e-14
7.585775750291836e-7	8.881784197001252e-16	4.579669976578771e-16	6.217248937900877e-15	0.	6.217248937900877e-15
7.762471166286911e-7	8.881784197001252e-16	4.649058915617843e-16	2.6645352591003757e-15	3.552713678800501e-15	3.552713678800501e-15
7.943282347242822e-7	0.	3.469446951953614e-16	1.7763568394002505e-15	0.	1.7763568394002505e-15
8.128305161640995e-7	8.881784197001252e-16	4.579669976578771e-16	8.881784197001252e-16	0.	8.881784197001252e-16
8.317637711026709e-7	8.881784197001252e-16	4.649058915617843e-16	8.881784197001252e-16	0.	8.881784197001252e-16
8.511380382023759e-7	8.881784197001252e-16	4.649058915617843e-16	8.881784197001252e-16	0.	8.881784197001252e-16
8.709635899560814e-7	8.881784197001252e-16	4.579669976578771e-16	0.	3.552713678800501e-15	3.552713678800501e-15
8.912509381337459e-7	8.881784197001252e-16	4.579669976578771e-16	8.881784197001252e-16	3.552713678800501e-15	3.552713678800501e-15
9.120108393559096e-7	0.	4.579669976578771e-16	8.881784197001252e-16	0.	8.881784197001252e-16
9.332543007969905e-7	8.881784197001252e-16	4.649058915617843e-16	8.881784197001252e-16	0.	8.881784197001252e-16
9.549925860214369e-7	0.	4.579669976578771e-16	8.881784197001252e-16	0.	8.881784197001252e-16
9.77237220955811e-7	8.881784197001252e-16	4.579669976578771e-16	8.881784197001252e-16	0.	8.881784197001252e-16
1.e-6	0.	4.649058915617843e-16	0.	0.	4.649058915617843e-16
