1.e-11	3.803625379170155	0.386546136938807	0.3879641929432174	15.289718760082712	15.289718760082712
1.0232929922807536e-11	3.762263420126617	0.37425767620125683	0.3756781030761829	15.251005365562584	15.251005365562584
1.0471285480508986e-11	3.7204698723296126	0.36216373553052694	0.3635857795567729	15.211870166611416	15.211870166611416
1.0715193052376049e-11	3.6782355154919024	0.3502663730056321	0.3516892579831189	15.172300860360412	15.172300860360412
1.0964781961431828e-11	3.6355510510696565	0.3385675930894072	0.3399905209790249	15.132284756982278	15.132284756982278
1.1220184543019653e-11	3.592407116441473	0.3270693419987971	0.32849149367190605	15.091808767389821	15.091808767389821
1.148153621496884e-11	3.5487943011651293	0.3157735029437818	0.31719403903071475	15.05085939061337	15.05085939061337
1.1748975549395303e-11	3.5047031655159646	0.3046818912243445	0.30609995306798987	15.009422700856877	15.009422700856877
1.202264434617413e-11	3.460124261621827	0.2937962491862329	0.2952109599112492	14.967484334233674	14.967484334233674
1.2302687708123811e-11	3.415048157436402	0.28311824106007233	0.28452870674994274	14.925029475183633	14.925029475183633
1.2589254117941662e-11	3.369465463898999	0.2726494476685515	0.2740547586653887	14.882042842574656	14.882042842574656
1.2882495516931322e-11	3.3233668656069	0.2623913610368813	0.26379059335235056	14.838508675492537	14.838508675492537
1.3182567385564048e-11	3.276743155438721	0.25234537889150754	0.2537375957422291	14.79441071872439	14.79441071872439
1.348962882591656e-11	3.229585273490592	0.24251279907500667	0.24389705253927205	14.749732207942266	14.749732207942266
1.3803842646028866e-11	3.181884350874631	0.23289481388851296	0.23427014668268645	14.704455854594897	14.704455854594897
1.4125375446227554e-11	3.13363175883414	0.22349250436835266	0.2248579517490902	14.658563830516817	14.658563830516817
1.445439770745928e-11	3.0848191638088434	0.21430683452659416	0.2156614263114413	14.612037752265962	14.612037752265962
1.4791083881682073e-11	3.03543858903787	0.2053386455636037	0.2066814082722467	14.564858665202197	14.564858665202197
1.5135612484362072e-11	2.9854824834133176	0.19658865007556603	0.1979186091906669	14.51700702732088	14.51700702732088
1.5488166189124796e-11	2.9349437983217417	0.1880574262874628	0.1893736086249644	14.468462692857486	14.468462692857486
1.5848931924611107e-11	2.883816073313012	0.1797454123167288	0.18104684851363376	14.41920489568085	14.41920489568085
1.621810097358933e-11	2.832093531446594	0.17165290052202042	0.17293862762046258	14.36921223249448	14.36921223249448
1.659586907437563e-11	2.7797711853221045	0.16378003193589397	0.16504909607073312	14.318462645867307	14.318462645867307
1.698243652461746e-11	2.726844954762834	0.15612679083259362	0.15737825000766975	14.266933407116705	14.266933407116705
1.7378008287493762e-11	2.6733117972915164	0.1486929994536883	0.14992592640023178	14.214601099068828	14.214601099068828
1.7782794100389227e-11	2.619169852522795	0.14147831292731006	0.14269179803516352	14.16144159872275	14.16144159872275
1.8197008586099825e-11	2.5644186016884944	0.13448221442243735	0.13567536872808209	14.10743005984667	14.10743005984667
1.8620871366628657e-11	2.5090590435574	0.12770401056359315	0.1288759687900923	14.052540895536028	14.052540895536028
1.9054607179632443e-11	2.453093887989162	0.12114282716148317	0.12229275078802529	13.996747760764805	13.996747760764805
1.9498445997580414e-11	2.3965277684161546	0.1147976052846591	0.11592468563785471	13.940023534962641	13.940023534962641
1.9952623149688828e-11	2.3393674744547113	0.10866709772716021	0.10977055907209118	13.88234030465142	13.88234030465142
2.0417379446695317e-11	2.2816222057892634	0.10274986590616653	0.10382896852300234	13.823669346175917	13.823669346175917
2.089296130854041e-11	2.2233038483050507	0.09704427724010323	0.09809832046423453	13.763981108563575	13.763981108563575
2.1379620895022323e-11	2.164427273230441	0.09154850304523343	0.09257682825390533	13.703245196549046	13.703245196549046
2.187761623949552e-11	2.1050106597058402	0.08626051700016113	0.08726251052228076	13.641430353798638	13.641430353798638
2.2387211385683377e-11	2.0450758407672485	0.08117809421834643	0.08215319014687274	13.57850444636975	13.57850444636975
2.29086765276777e-11	1.9846486721179453	0.07629881097331648	0.07724649385703387	13.514434446439168	13.514434446439168
2.344228815319918e-11	1.923759422308013	0.07162004511760767	0.07253985250888344	13.449186416332804	13.449186416332804
2.3988329190194948e-11	1.8624431819376746	0.06713897723360951	0.06803050206964904	13.38272549288756	13.38272549288756
2.4547089156850335e-11	1.8007402883108536	0.06285259255594955	0.06371548534816288	13.315015872173465	13.315015872173465
2.5118864315095823e-11	1.7386967604394616	0.0587576836957	0.059591654505327406	13.246020794600964	13.246020794600964
2.5703957827688646e-11	1.6763647375327455	0.05485085419959468	0.05565567437481943	13.175702530434972	13.175702530434972
2.6302679918953815e-11	1.61380291199821	0.05112852296560977	0.05190402662007861	13.104022365732355	13.104022365732355
2.6915348039269138e-11	1.5510769455350353	0.04758692954107957	0.0483330147487615	13.030940588714973	13.030940588714973
2.7542287033381634e-11	1.4882598542101917	0.04422214031068972	0.04493877000031293	12.956416476584403	12.956416476584403
2.8183829312644493e-11	1.4254323453962243	0.041030055587179426	0.04171725811609796	12.88040828277833	12.88040828277833
2.8840315031266117e-11	1.3626830863437576	0.03800641760399959	0.03866428699470897	12.802873224661496	12.802873224661496
2.9512092266663903e-11	1.3001088810104786	0.035146819401615126	0.03577551522761746	12.723767471636727	12.723767471636727
3.019951720402019e-11	1.2378147288149908	0.032446714593646675	0.03304646150233461	12.643046133653142	12.643046133653142
3.090295432513592e-11	1.1759137365468106	0.029901427987923945	0.030472514851767152	12.560663250080616	12.560663250080616
3.1622776601683794e-11	1.1145268530120411	0.027506167026470685	0.0280489457195253	12.476571778910134	12.476571778910134
3.235936569296281e-11	1.0537823956866195	0.02525603400763643	0.025770917801743495	12.390723586230816	12.390723586230816
3.311311214825908e-11	0.993815340019065	0.023146039029906085	0.023633500616528698	12.303069435924954	12.303069435924954
3.38844156139202e-11	0.9347663457071942	0.02117111360141788	0.02163168274267883	12.213558979513074	12.213558979513074
3.4673685045253096e-11	0.8767805006150464	0.019326124839188275	0.019760385659868315	12.122140746071938	12.122140746071938
3.548133892335761e-11	0.8200057724087255	0.017605890178590933	0.0180144781133192	12.028762132139537	12.028762132139537
3.6307805477010174e-11	0.7645911705645752	0.01600519250332777	0.016388790917165906	11.933369391512942	11.933369391512942
3.7153522909717275e-11	0.7106846369871285	0.014518795596578649	0.014878132102490525	11.835907624837194	11.835907624837194
3.801893963205613e-11	0.6584307014644946	0.013141459806916167	0.013477302308525901	11.73632076887733	11.73632076887733
3.8904514499428045e-11	0.6079679575967578	0.011867957820894226	0.012181110308961653	11.634551585359858	11.634551585359858
3.9810717055349695e-11	0.5594264341388495	0.010693090420205387	0.010984388559830525	11.530541649266631	11.530541649266631
4.073802778041122e-11	0.5129249540553378	0.009611702106638198	0.00988200865126052	11.424231336461876	11.424231336461876
4.1686938347033464e-11	0.4685685869408669	0.008618696467271647	0.008868896542606645	11.31555981053314	11.31555981053314
4.2657951880159344e-11	0.4264463077568603	0.007709051161939762	0.007940047459232883	11.204465008729546	11.204465008729546
4.3651583224016655e-11	0.3866289744703586	0.006877832402018669	0.007090540329670819	11.09088362688561	11.09088362688561
4.4668359215096346e-11	0.3491677281207526	0.00612020880901909	0.006315551644007348	10.974751103226964	10.974751103226964
4.570881896148752e-11	0.314092901091259	0.005431464528928842	0.005610368618338171	10.856001600966447	10.856001600966447
4.6773514128719814e-11	0.28141349390894277	0.0048070115014811066	0.0049704015558294954	10.73456798961407	10.73456798961407
4.78630092322638e-11	0.25111724980482997	0.004242400774982613	0.004391195302450862	10.610381824944998	10.610381824944998
4.897788193684456e-11	0.22317132234750936	0.0037333327837947294	0.0038684397046234564	10.483373327595181	10.483373327595181
5.011872336272715e-11	0.1975234979755296	0.0032756665020681197	0.003397978986809807	10.353471360286354	10.353471360286354
5.1286138399136583e-11	0.1741039053292628	0.002865427412769961	0.0029758199792738645	10.22060340372177	10.22060340372177
5.248074602497734e-11	0.15282711965672036	0.002498814234533242	0.002598139139688845	10.084695531243497	10.084695531243497
5.370317963702533e-11	0.13359455496364525	0.002172204372668851	0.0022612883267314307	9.945672382402488	9.945672382402488
5.495408738576248e-11	0.11629702980577505	0.0018821580712682362	0.001961799299029753	9.803457135669646	9.803457135669646
5.6234132519034906e-11	0.10081739437801218	0.0016254212584145833	0.0016963869285251724	9.657971480610579	9.657971480610579
5.7543993733715666e-11	0.08703311563893124	0.001398927099041991	0.0014619511332051752	9.509135589967922	9.509135589967922
5.888436553555884e-11	0.07481873188513255	0.0011997962781817861	0.001255577549916169	9.356868092248792	9.356868092248792
6.025595860743569e-11	0.06404810635527625	0.0010253360585403826	0.0010745369832870547	9.201086045613376	9.201086045613376
6.16595001861481e-11	0.05459642909450224	0.0008730381678558885	0.0009162836813839514	9.041704914118036	9.041704914118036
6.309573444801942e-11	0.046341935635096476	0.0007405755847855744	0.0007784525022620542	8.878638547704089	8.878638547704089
6.456542290346562e-11	0.03916732869642203	0.0006257983066983996	0.0006588550478423016	8.711799167769607	8.711799167769607
6.606934480075964e-11	0.03296090412290553	0.0005267281896657039	0.0005554748522763769	8.541097360754712	8.541097360754712
6.760829753919819e-11	0.027617394245565308	0.0004415529617745051	0.00046646172096797634	8.366442082967453	8.366442082967453
6.918309709189363e-11	0.02303855060726967	0.0003686195165544248	0.0003901253235472795	8.187740680948975	8.187740680948975
7.079457843841374e-11	0.019133493776505972	0.00030642659770219183	0.0003249281492529836	8.004898933131788	8.004898933131788
7.244359600749891e-11	0.015818861137784523	0.00025361698989456727	0.00026947793628185777	7.817821120527402	7.817821120527402
7.413102413009162e-11	0.013018784555537621	0.00020896932835690052	0.00022251968774188472	7.626410136895414	7.626410136895414
7.585775750291851e-11	0.01066472916275174	0.0001713896414630156	0.0001829273859320353	7.43056765258396	7.43056765258396
7.762471166286927e-11	0.00869522269372247	0.0001399027341548731	0.00014969551384480442	7.230194351398833	7.230194351398833
7.943282347242822e-11	0.0070555021665388296	0.00011364351736808942	0.00012193048823278506	7.025190267031267	7.025190267031267
8.128305161640995e-11	0.005697101680032901	0.0000918483788883151	0.00009884210242331205	6.815455255574978	6.815455255574978
8.317637711026709e-11	0.004577401860839103	0.00007384668668919403	0.00007973506955814488	6.60088965465328	6.60088965465328
8.511380382023759e-11	0.003659158309393007	0.000059052502662915174	0.00006400074830914797	6.381395199323842	6.381395199323842
8.709635899560797e-11	0.002910023346032631	0.000046956577963719326	0.0000511091236067439	6.156876292600218	6.156876292600218
8.912509381337441e-11	0.0023020725690141575	0.00003711869012246183	0.0000406011048234298	5.9272417675035936	5.9272417675035936
9.120108393559115e-11	0.0018113452212915604	0.00002916036912026243	0.000032081193397708214	5.69240733282934	5.69240733282934
9.332543007969924e-11	0.0014174051665580834	0.000022758051970050985	0.00002521056137353827	5.452298973042192	5.452298973042192
9.549925860214369e-11	0.001102927368755502	0.000017636693762312916	0.000019700571952191003	5.206857683321637	5.206857683321637
9.772372209558111e-11	0.0008533131702606056	0.000013563852214737437	0.000015306763194930517	4.9560460766454675	4.9560460766454675
1.e-10	0.000656336316293249	0.00001034425540957784	0.00001182330660452367	4.699857617937308	4.699857617937308
1.0232929922807537e-10	0.000501820576051415	7.814852273746453e-6	9.07794368202805e-6	4.4383295419173	4.4383295419173
1.0471285480508985e-10	0.00038134893050845164	5.840338923590593e-6	6.927395762806529e-6	4.171560919852045	4.171560919852045
1.0715193052376048e-10	0.0002880035975998396	4.309146229175553e-6	5.253235654427597e-6	3.899737874939275	3.899737874939275
1.0964781961431829e-10	0.00021613563555789028	3.129870223439468e-6	3.9582038091068306e-6	3.6231686038488657	3.6231686038488657
1.1220184543019652e-10	0.00016116247697972597	2.228121505964964e-6	2.962947050213008e-6	3.3423315793453288	3.3423315793453288
1.1481536214968841e-10	0.0001193914697878995	1.5437655456196353e-6	2.2031542038884744e-6	3.057940881277297	3.057940881277297
1.1748975549395304e-10	0.00008786733870635999	1.0285255980235775e-6	1.627060319464406e-6	2.7710325361807513	2.7710325361807513
1.2022644346174132e-10	0.00006424138630301002	6.439171098548968e-7	1.1932894388817436e-6	2.483074015578108	2.483074015578108
1.2302687708123812e-10	0.00004666024324251339	3.594818673846589e-7	8.690050416326062e-7	2.1960938044175133	2.1960938044175133
1.2589254117941662e-10	0.00003367201120774155	1.5129103747568706e-7	6.283371942203755e-7	1.9128164462708668	1.9128164462708668
1.2882495516931322e-10	0.000024147723273415522	6.865992219218242e-10	4.5105602276482304e-7	1.6367679059165674	1.6367679059165674
1.31825673855641e-10	0.000017216164472699802	1.0676813122501017e-7	3.214622557850405e-7	1.3722869664521493	1.3722869664521493
1.348962882591656e-10	0.00001221022794695159	1.8215569586033098e-7	2.2746714414736274e-7	1.1243515764116747	1.1243515764116747
1.3803842646028866e-10	8.623138274543862e-6	2.3391571168929204e-7	1.598359632305063e-7	0.8981334087797208	0.8981334087797208
1.4125375446227556e-10	6.0730325301960875e-6	2.6842219380540655e-7	1.1157141092347361e-7	0.6982695155484215	0.6982695155484215
1.445439770745928e-10	4.274550942540145e-6	2.9044874327865955e-7	7.741545937807459e-8	0.527996981378724	0.527996981378724
1.479108388168207e-10	3.0162530268995624e-6	3.03539474444392e-7	5.34505087473533e-8	0.3884558925309367	0.3884558925309367
1.5135612484362072e-10	2.142825128004233e-6	3.1030251523844754e-7	3.678294872681842e-8	0.2784758663310747	0.2784758663310747
1.5488166189124796e-10	1.541190369991341e-6	3.1263967148476013e-7	2.5294426980911056e-8	0.19495064668117124	0.19495064668117124
1.584893192461111e-10	1.1297675719390554e-6	3.1192482907727026e-7	1.7448176969220297e-8	0.1336125446395684	0.1336125446395684
1.621810097358933e-10	8.502431736445715e-7	3.0914101945000994e-7	1.2139661716842332e-8	0.08987118102303882	0.08987118102303882
1.6595869074375631e-10	6.613291319013115e-7	3.049844732316842e-7	8.582513606920916e-9	0.05945234673401423	0.05945234673401423
1.698243652461746e-10	5.340748217008695e-7	2.999430774863754e-7	6.22229853058931e-9	0.03874604467603149	0.03874604467603149
1.7378008287493763e-10	4.4838115442757953e-7	2.9435521575749135e-7	4.671974168646287e-9	0.024907880107200242	0.024907880107200242
1.778279410038923e-10	3.904348631067478e-7	2.884527514623869e-7	3.6640842816446084e-9	0.01580767544099615	0.01580767544099615
1.8197008586099825e-10	3.5084095806325877e-7	2.823924587502802e-7	3.0157198431177146e-9	0.009909554619081717	0.009909554619081717
1.8620871366628656e-10	3.232764189675663e-7	2.7627897392079603e-7	2.6031148131142046e-9	0.006137942101496208	0.006137942101496208
1.9054607179632444e-10	3.0353160873630713e-7	2.701808989868937e-7	2.3434271684621977e-9	0.003756851371040426	0.003756851371040426
1.9498445997580414e-10	2.888341068540967e-7	2.641424705629447e-7	2.181821217618618e-9	0.0022722293311296937	0.0022722293311296937
1.9952623149688828e-10	2.7737864627397357e-7	2.5819134119586806e-7	2.08240858844827e-9	0.0013578826126519061	0.0013578826126519061
2.0417379446695316e-10	2.680025055212809e-7	2.5234430189868817e-7	2.021973402079047e-9	0.0008016441227454152	0.0008016441227454152
2.089296130854041e-10	2.599652670909336e-7	2.4661089703670314e-7	1.985674760902889e-9	0.0004674318846404901	0.0004674318846404901
2.1379620895022325e-10	2.5280065862887113e-7	2.4099610307359853e-7	1.9641407094511676e-9	0.00026913277804752056	0.00026913277804752056
2.1877616239495518e-10	2.4621796512747096e-7	2.35501859791043e-7	1.9515256476781984e-9	0.00015297147815118706	0.00015297147815118706
2.2387211385683377e-10	2.4003793619442604e-7	2.3012828531676632e-7	1.944229404207687e-9	0.00008580767844890147	0.00008580767844890147
2.29086765276777e-10	2.3415069350107842e-7	2.2487441242446948e-7	1.940063842215123e-9	0.000047487929034417675	0.000047487929034417675
2.3442288153199274e-10	2.2848927550001008e-7	2.197385606805824e-7	1.937716173280868e-9	0.000025920589273198402	0.000025920589273198402
2.398832919019495e-10	2.2301292190718414e-7	2.147186313194993e-7	1.936409994157673e-9	0.000013949766721310652	0.000013949766721310652
2.4547089156850336e-10	2.1769653102410302e-7	2.0981238346706732e-7	1.935692009458201e-9	7.399379473582712e-6	7.399379473582712e-6
2.511886431509582e-10	2.1252441406716116e-7	2.0501743591694321e-7	1.935301101665954e-9	3.866870162738678e-6	3.866870162738678e-6
2.570395782768865e-10	2.0748615270349546e-7	2.0033133019126126e-7	1.9350898366327085e-9	1.990031858412067e-6	1.990031858412067e-6
2.6302679918953814e-10	2.0257468236195564e-7	1.957517055117819e-7	1.934975358761082e-9	1.0079500043502776e-6	1.0079500043502776e-6
2.6915348039269137e-10	1.977848373968527e-7	1.9127616912584244e-7	1.9349126415685314e-9	5.020179507653211e-7	5.020179507653211e-7
2.754228703338163e-10	1.931123136955648e-7	1.8690237002516596e-7	1.934876377174266e-9	2.455086693942121e-7	2.455086693942121e-7
2.8183829312644494e-10	1.8855355499169946e-7	1.8262798917589862e-7	1.934854247306883e-9	1.175648378648475e-7	1.8855355499169946e-7
2.8840315031266117e-10	1.8410540647550988e-7	1.7845082300738113e-7	1.934838870717992e-9	5.480580966832349e-8	1.8410540647550988e-7
2.95120922666639e-10	1.7976486788029433e-7	1.743686439681369e-7	1.934827015617757e-9	2.4543293619672113e-8	1.7976486788029433e-7
3.0199517204020193e-10	1.7552907216611402e-7	1.703792564811124e-7	1.934816350537827e-9	1.0203820011156495e-8	1.7552907216611402e-7
3.090295432513592e-10	1.7139535835042352e-7	1.6648060707780132e-7	1.9348063446528174e-9	3.529848413563741e-9	1.7139535835042352e-7
3.1622776601683795e-10	1.6736112584680995e-7	1.6267061653252313e-7	1.93479680887787e-9	4.800071451427357e-10	1.6736112584680995e-7
3.2359365692962813e-10	1.6342385222856137e-7	1.58947264239373e-7	1.9347869990166133e-9	8.878018320501724e-10	1.6342385222856137e-7
3.3113112148259076e-10	1.5958104704338893e-7	1.5530857755408078e-7	1.9347770746636073e-9	1.4895888966748316e-9	1.5958104704338893e-7
3.38844156139202e-10	1.5583038326383303e-7	1.5175265666300675e-7	1.934767087860556e-9	1.7491998960394994e-9	1.5583038326383303e-7
3.46736850452531e-10	1.5216951254615196e-7	1.4827758754165643e-7	1.9347566482946776e-9	1.8589716432870773e-9	1.5216951254615196e-7
3.5481338923357605e-10	1.4859618602258706e-7	1.4488156718783785e-7	1.9347460491342394e-9	1.9044321675210085e-9	1.4859618602258706e-7
3.6307805477010177e-10	1.4510822765601006e-7	1.4156278549393164e-7	1.934735245276431e-9	1.9228636460866255e-9	1.4510822765601006e-7
3.715352290971728e-10	1.4170349871278631e-7	1.3831947764941788e-7	1.9347243165185324e-9	1.9301786835512758e-9	1.4170349871278631e-7
3.801893963205613e-10	1.3837994572440948e-7	1.351499507862286e-7	1.934713125817389e-9	1.9330101963532798e-9	1.3837994572440948e-7
3.8904514499428046e-10	1.3513550634058902e-7	1.320524960490843e-7	1.93470142337282e-9	1.9340795631705987e-9	1.3513550634058902e-7
3.9810717055349694e-10	1.3196825676686785e-7	1.290255040586885e-7	1.934689422555813e-9	1.934466808961588e-9	1.3196825676686785e-7
4.073802778041122e-10	1.2887628919600047e-7	1.260673743175289e-7	1.9346775674555783e-9	1.9346018120813824e-9	1.2887628919600047e-7
4.1686938347033633e-10	1.2585769226802768e-7	1.2317651876259106e-7	1.934665068772934e-9	1.9346373392181704e-9	1.2585769226802768e-7
4.265795188015934e-10	1.2291071627146266e-7	1.203514239378478e-7	1.9346522751872985e-9	1.934644444645528e-9	1.2291071627146266e-7
4.3651583224016655e-10	1.200335564277566e-7	1.1759058260452093e-7	1.934639309864039e-9	1.9346337865044916e-9	1.200335564277566e-7
4.4668359215096347e-10	1.1722450743434365e-7	1.1489254880814315e-7	1.9346259733099558e-9	1.934623128363455e-9	1.1722450743434365e-7
4.5708818961487517e-10	1.1448191905572003e-7	1.1225589702235084e-7	1.9346124077723736e-9	1.9346124702224188e-9	1.1448191905572003e-7
4.677351412871981e-10	1.1180412862188405e-7	1.0967922214888404e-7	1.934598314878855e-9	1.9345982593677036e-9	1.1180412862188405e-7
4.78630092322638e-10	1.0918957293881704e-7	1.0716114839937063e-7	1.9345839687157085e-9	1.9345840485129884e-9	1.0918957293881704e-7
4.897788193684456e-10	1.0663670835242556e-7	1.047003808096747e-7	1.934569421324639e-9	1.9345662849445944e-9	1.0663670835242556e-7
5.011872336272714e-10	1.041440107485414e-7	1.0229558178309617e-7	1.9345542841275876e-9	1.934552074089879e-9	1.041440107485414e-7
5.128613839913658e-10	1.0171003772541098e-7	9.994549543534959e-8	1.9345389734581886e-9	1.934537863235164e-9	1.0171003772541098e-7
5.248074602497734e-10	9.933334954581596e-8	9.764888186936105e-8	1.93452334359967e-9	1.93452009966677e-9	9.933334954581596e-8
5.370317963702532e-10	9.701257042138423e-8	9.540451895162505e-8	1.9345073667964563e-9	1.9345094415257336e-9	9.701257042138423e-8
5.495408738576248e-10	9.474631834649472e-8	9.321120630900737e-8	1.934490918148457e-9	1.9344881252436608e-9	9.474631834649472e-8
5.623413251903491e-10	9.253329480429784e-8	9.106779996770342e-8	1.9344739976556724e-9	1.9344739143889456e-9	9.253329480429784e-8
5.754399373371567e-10	9.037219772523031e-8	8.897316083888995e-8	1.9344567163404047e-9	1.9344561508205516e-9	9.037219772523031e-8
5.888436553555884e-10	8.82617863240398e-8	8.692616892957972e-8	1.9344389805275863e-9	1.9344383872521576e-9	8.82617863240398e-8
6.025595860743569e-10	8.620084468446976e-8	8.492577441288063e-8	1.934421154509147e-9	1.9344206236837636e-9	8.620084468446976e-8
6.165950018614809e-10	8.41881568902636e-8	8.297086839803569e-8	1.9344023639844554e-9	1.9344028601153695e-9	8.41881568902636e-8
6.309573444801942e-10	8.222259406664989e-8	8.106045834566089e-8	1.9343835630514228e-9	1.9343850965469755e-9	8.222259406664989e-8
6.456542290346563e-10	8.030300424621828e-8	7.919352018603831e-8	1.9343643561930968e-9	1.9343637802649027e-9	8.030300424621828e-8
6.606934480075964e-10	7.842827454140888e-8	7.736905871524868e-8	1.9343444589148273e-9	1.93434246398283e-9	7.842827454140888e-8
6.760829753919819e-10	7.659735068443752e-8	7.558610670699295e-8	1.934323961422235e-9	1.934324700414436e-9	7.659735068443752e-8
6.918309709189363e-10	7.480917663116315e-8	7.384372846530596e-8	1.9343030510654557e-9	1.934303384132363e-9	7.480917663116315e-8
7.079457843841373e-10	7.306273452911682e-8	7.214100072872043e-8	1.9342818423362385e-9	1.9342820678502903e-9	7.306273452911682e-8
7.244359600749891e-10	7.135701984850584e-8	7.047701755524827e-8	1.9342599778815472e-9	1.9342607515682175e-9	7.135701984850584e-8
7.413102413009192e-10	6.969106891574484e-8	6.885089831598634e-8	1.9342375860709193e-9	1.9342394352861447e-9	6.969106891574484e-8
7.585775750291851e-10	6.806392782721105e-8	6.726178680693806e-8	1.934214798743339e-9	1.934214566290393e-9	6.806392782721105e-8
7.762471166286927e-10	6.647467287734798e-8	6.570883481771261e-8	1.934191310587474e-9	1.9341932500083203e-9	6.647467287734798e-8
7.943282347242822e-10	6.49224087823086e-8	6.419122522416387e-8	1.934167277728438e-9	1.9341683810125687e-9	6.49224087823086e-8
8.128305161640995e-10	6.340625446910053e-8	6.270815244846517e-8	1.9341427556773816e-9	1.934143512016817e-9	6.340625446910053e-8
8.317637711026709e-10	6.192533952287249e-8	6.125882645591219e-8	1.934117588309192e-9	1.9341150903073867e-9	6.192533952287249e-8
8.511380382023759e-10	6.04788583657978e-8	5.98424936271158e-8	1.9340918588905964e-9	1.934090221311635e-9	6.04788583657978e-8
8.709635899560796e-10	5.906596989291302e-8	5.8458387908189025e-8	1.934065546604913e-9	1.9340653523158835e-9	5.906596989291302e-8
8.912509381337441e-10	5.7685884513603014e-8	5.710578410145217e-8	1.9340384155297485e-9	1.934040483320132e-9	5.7685884513603014e-8
9.120108393559115e-10	5.6337833065356335e-8	5.578396544692055e-8	1.9340108264875866e-9	1.9340120616107015e-9	5.6337833065356335e-8
9.332543007969924e-10	5.502105349108888e-8	5.449222273412602e-8	1.933982335389217e-9	1.933983639901271e-9	5.502105349108888e-8
9.549925860214368e-10	5.373480416182019e-8	5.322988672062934e-8	1.9339532128515025e-9	1.9339552181918407e-9	5.373480416182019e-8
9.772372209558112e-10	5.247837542299294e-8	5.199628372309917e-8	1.9339236184690023e-9	1.9339232437687315e-9	5.247837542299294e-8
1.e-9	5.1251062949120296e-8	5.079075782177256e-8	1.9338932746859605e-9	1.933894822059301e-9	5.1251062949120296e-8
1.0232929922807536e-9	5.005216863196438e-8	4.9612670860454955e-8	1.9338621537468015e-9	1.933862847636192e-9	5.005216863196438e-8
1.0471285480508984e-9	4.888103166678093e-8	4.846139489700363e-8	1.9338302209570557e-9	1.9338308732130827e-9	4.888103166678093e-8
1.0715193052376092e-9	4.7736999242431466e-8	4.7336329078717654e-8	1.933797490194511e-9	1.9337988987899735e-9	4.7736999242431466e-8
1.0964781961431829e-9	4.661943364681065e-8	4.623687122062847e-8	1.933764058603682e-9	1.9337633716531855e-9	4.661943364681065e-8
1.1220184543019653e-9	4.5527714043203105e-8	4.516243778951434e-8	1.9337296416899186e-9	1.9337278445163975e-9	4.5527714043203105e-8
1.148153621496884e-9	4.44612391348187e-8	4.4112463015721914e-8	1.9336944753756136e-9	1.9336958700932882e-9	4.44612391348187e-8
1.1748975549395303e-9	4.341940584851045e-8	4.3086389567292827e-8	1.9336585249662974e-9	1.9336567902428214e-9	4.341940584851045e-8
1.2022644346174132e-9	4.2401649302803435e-8	4.208367521130185e-8	1.933621741889713e-9	1.9336212631060334e-9	4.2401649302803435e-8
1.2302687708123811e-9	4.1407395734438524e-8	4.110379148158927e-8	1.9335839873679816e-9	1.9335821832555666e-9	4.1407395734438524e-8
1.2589254117941663e-9	4.043610069004444e-8	4.014620635928168e-8	1.9335452405844222e-9	1.9335431034051e-9	4.043610069004444e-8
1.2882495516931322e-9	3.9487232150747786e-8	3.921042912580219e-8	1.933505751339215e-9	1.933507576268312e-9	3.9487232150747786e-8
1.31825673855641e-9	3.85602554331399e-8	3.82959495226487e-8	1.9334651935043468e-9	1.9334649437041662e-9	3.85602554331399e-8
1.3489628825916506e-9	3.7654663387343135e-8	3.740229193027744e-8	1.9334236087131806e-9	1.9334223111400206e-9	3.7654663387343135e-8
1.3803842646028867e-9	3.676995330437194e-8	3.652898250550152e-8	1.9333809414545655e-9	1.933379678575875e-9	3.676995330437194e-8
1.4125375446227555e-9	3.590564912059335e-8	3.567555539873979e-8	1.9333372611174404e-9	1.9333370460117294e-9	3.590564912059335e-8
1.445439770745928e-9	3.50612650024118e-8	3.484156074762268e-8	1.933292678724108e-9	1.9332944134475838e-9	3.50612650024118e-8
1.4791083881682072e-9	3.42363373206922e-8	3.402655224249429e-8	1.933246826513191e-9	1.9332446754560806e-9	3.42363373206922e-8
1.5135612484362073e-9	3.343041843351102e-8	3.3230103113623954e-8	1.9331998293847796e-9	1.933198490178256e-9	3.343041843351102e-8
1.5488166189124797e-9	3.264306069894474e-8	3.2451788811727056e-8	1.9331517359111317e-9	1.9331523049004318e-9	3.264306069894474e-8
1.584893192461111e-9	3.187383601499505e-8	3.169119899837369e-8	1.9331023518032175e-9	1.9330990141952498e-9	3.187383601499505e-8
1.6218100973589331e-9	3.112232338509102e-8	3.094793132873974e-8	1.9330521072724594e-9	1.9330492762037466e-9	3.112232338509102e-8
1.6595869074375631e-9	3.0388107141732235e-8	3.022158656662555e-8	1.9330002529183155e-9	1.9329995382122434e-9	3.0388107141732235e-8
1.698243652461746e-9	2.967079293370034e-8	2.9511785015756686e-8	1.9329473854856616e-9	1.9329462475070613e-9	2.967079293370034e-8
1.7378008287493762e-9	2.8969975751635957e-8	2.881814697985874e-8	1.9328929290463037e-9	1.9328929568018793e-9	2.8969975751635957e-8
1.7782794100389228e-9	2.8285286113316488e-8	2.8140307861690417e-8	1.9328374734062237e-9	1.9328396660966973e-9	2.8285286113316488e-8
1.8197008586099825e-9	2.7616342102021463e-8	2.7477905728545693e-8	1.9327803801871823e-9	1.9327792699641577e-9	2.7616342102021463e-8
1.8620871366628656e-9	2.6962780452777224e-8	2.6830591970394835e-8	1.9327218159226334e-9	1.932718873831618e-9	2.6962780452777224e-8
1.9054607179632523e-9	2.6324245894215892e-8	2.6198023750367838e-8	1.9326620026571817e-9	1.9326620304127573e-9	2.6324245894215892e-8
1.9498445997580416e-9	2.5700389372218524e-8	2.5579863560665217e-8	1.9326005656905565e-9	1.9326016342802177e-9	2.5700389372218524e-8
1.9952623149688828e-9	2.5090876043520893e-8	2.497578677207457e-8	1.932537643800636e-9	1.9325376854339993e-9	2.5090876043520893e-8
2.0417379446695317e-9	2.4495363071252996e-8	2.438546831129429e-8	1.9324729871872393e-9	1.932473736587781e-9	2.4495363071252996e-8
2.089296130854041e-9	2.3913537816611097e-8	2.3808600868591157e-8	1.9324070399395765e-9	1.9324062350278837e-9	2.3913537816611097e-8
2.1379620895022324e-9	2.3345074318115167e-8	2.3244872693339858e-8	1.932339122046045e-9	1.9323387334679865e-9	2.3345074318115167e-8
2.1877616239495518e-9	2.2789672371459346e-8	2.269399423937557e-8	1.93226958045134e-9	1.9322712319080892e-9	2.2789672371459346e-8
2.2387211385683377e-9	2.2247029995980938e-8	2.2155664414214016e-8	1.932198387399886e-9	1.9321966249208344e-9	2.2247029995980938e-8
2.29086765276777e-9	2.1716844322838824e-8	2.162960166529615e-8	1.9321254179915925e-9	1.9321255706472584e-9	2.1716844322838824e-8
2.3442288153199275e-9	2.119883379947396e-8	2.1115527104598186e-8	1.9320504779374303e-9	1.9320509636600036e-9	2.119883379947396e-8
2.3988329190194848e-9	2.06927124324352e-8	2.0613166729077648e-8	1.9319734700928848e-9	1.93197280395907e-9	2.06927124324352e-8
2.4547089156850337e-9	2.0198213768196638e-8	2.0122258526100723e-8	1.931894824669378e-9	1.9318946442581364e-9	2.0198213768196638e-8
2.511886431509582e-9	1.9715066912340262e-8	1.96425360421415e-8	1.9318138894108827e-9	1.931812931843524e-9	1.9715066912340262e-8
2.5703957827688646e-9	1.9243008964053843e-8	1.9173751919510096e-8	1.931731261062275e-9	1.9317312194289116e-9	1.9243008964053843e-8
2.6302679918953816e-9	1.8781785904309345e-8	1.8715650362821634e-8	1.931646204100801e-9	1.9316459543006204e-9	1.8781785904309345e-8
2.691534803926914e-9	1.8331145490435574e-8	1.8267994672527266e-8	1.9315590932267312e-9	1.931560689172329e-9	1.8331145490435574e-8
2.7542287033381634e-9	1.789084791425921e-8	1.783054548454288e-8	1.9314698312955514e-9	1.9314683186166803e-9	1.789084791425921e-8
2.8183829312644493e-9	1.746064981489326e-8	1.740306876385489e-8	1.9313781129959295e-9	1.9313795007747103e-9	1.746064981489326e-8
2.8840315031266117e-9	1.7040326483197532e-8	1.6985344242215206e-8	1.931284493439378e-9	1.9312835775053827e-9	1.7040326483197532e-8
2.95120922666639e-9	1.662964699278291e-8	1.6577144545948386e-8	1.9311880705696893e-9	1.931191206949734e-9	1.662964699278291e-8
3.019951720402019e-9	1.6228388410866046e-8	1.6178252071341603e-8	1.9310890525536806e-9	1.9310917309667275e-9	1.6228388410866046e-8
3.090295432513592e-9	1.5836333133734115e-8	1.578846031691228e-8	1.9309875920470176e-9	1.9309887022700423e-9	1.5836333133734115e-8
3.1622776601683795e-9	1.5453271551280068e-8	1.540756056073178e-8	1.930883522516247e-9	1.930885673573357e-9	1.5453271551280068e-8
3.235936569296281e-9	1.5078999382467373e-8	1.503534985403121e-8	1.9307766635501267e-9	1.930779092162993e-9	1.5078999382467373e-8
3.3113112148259078e-9	1.4713313234437919e-8	1.4671632797558232e-8	1.9306671400487474e-9	1.9306689580389502e-9	1.4713313234437919e-8
3.3884415613920344e-9	1.4356014155225694e-8	1.431621621250656e-8	1.9305546328229894e-9	1.93055171848755e-9	1.4356014155225694e-8
3.4673685045253096e-9	1.400691562736256e-8	1.396891180505122e-8	1.93043947493976e-9	1.930441584363507e-9	1.400691562736256e-8
3.5481338923357603e-9	1.3665823139774602e-8	1.3629534389991704e-8	1.930321208432062e-9	1.9303243448121066e-9	1.3665823139774602e-8
3.6307805477010177e-9	1.3332554615885783e-8	1.3297903223019603e-8	1.9301992781883826e-9	1.9301999998333486e-9	1.3332554615885783e-8
3.715352290971728e-9	1.3006932420012163e-8	1.2973846441610704e-8	1.930074683409444e-9	1.9300756548545905e-9	1.3006932420012163e-8
3.8018939632056126e-9	1.268878158100506e-8	1.2657188630527116e-8	1.9299466191835535e-9	1.9299477571621537e-9	1.268878158100506e-8
3.890451449942805e-9	1.2377929792251052e-8	1.2347762368136728e-8	1.929815224288589e-9	1.929816306756038e-9	1.2377929792251052e-8
3.981071705534969e-9	1.2074210964385657e-8	1.2045404007565708e-8	1.9296801656576434e-9	1.9296813036362437e-9	1.2074210964385657e-8
4.073802778041122e-9	1.1777461672579648e-8	1.1749955675099955e-8	1.929541637579746e-9	1.9295427478027705e-9	1.1777461672579648e-8
4.168693834703363e-9	1.148752115653906e-8	1.1461257054534713e-8	1.9293994180102914e-9	1.9293970865419396e-9	1.148752115653906e-8
4.2657951880159165e-9	1.1204238425932544e-8	1.1179158043717052e-8	1.9292533126602507e-9	1.929251425281109e-9	1.1204238425932544e-8
4.365158322401665e-9	1.0927452720466135e-8	1.090350698618181e-8	1.9291032937740482e-9	1.929102211306599e-9	1.0927452720466135e-8
4.466835921509635e-9	1.06570228197711e-8	1.063415844271276e-8	1.9289491948182302e-9	1.928945891904732e-9	1.06570228197711e-8
4.570881896148752e-9	1.0392802174408189e-8	1.037097030476275e-8	1.9287910435483724e-9	1.9287931252165436e-9	1.0392802174408189e-8
4.6773514128719815e-9	1.0134648675830249e-8	1.0113801796052257e-8	1.928628368119689e-9	1.9286297003873187e-9	1.0134648675830249e-8
4.78630092322638e-9	9.882421103668548e-9	9.862517469372278e-9	1.9284613350656343e-9	1.928462722844415e-9	9.882421103668548e-9
4.897788193684457e-9	9.63599067205223e-9	9.616984542049067e-9	1.928289777852754e-9	1.9282921925878327e-9	9.63599067205223e-9
5.011872336272715e-9	9.395217936969402e-9	9.377070897542694e-9	1.92811330790299e-9	1.9281145569038927e-9	9.395217936969402e-9
5.128613839913658e-9	9.159978553441306e-9	9.142651746785191e-9	1.92793206399422e-9	1.927933368506274e-9	9.159978553441306e-9
5.248074602497734e-9	8.930146400132344e-9	8.913602078663985e-9	1.9277460738820196e-9	1.9277450746812974e-9	8.930146400132344e-9
5.370317963702533e-9	8.705595355706919e-9	8.689799102512552e-9	1.927554532654696e-9	1.927556780856321e-9	8.705595355706919e-9
5.495408738576248e-9	8.48620818061363e-9	8.471126022868702e-9	1.927357912157035e-9	1.927357828890308e-9	8.48620818061363e-9
5.623413251903491e-9	8.271867635301078e-9	8.25746537813643e-9	1.9271556017663727e-9	1.9271553242106165e-9	8.271867635301078e-9
5.754399373371567e-9	8.062454703861022e-9	8.048704813745644e-9	1.9269477125050116e-9	1.9269457141035673e-9	8.062454703861022e-9
5.888436553555884e-9	7.857861028526258e-9	7.844733529438486e-9	1.926733883550469e-9	1.9267325512828393e-9	7.857861028526258e-9
6.025595860743593e-9	7.657977363351165e-9	7.645443389492357e-9	1.9265138651025637e-9	1.9265158357484324e-9	7.657977363351165e-9
6.16595001861481e-9	7.462695350568538e-9	7.450728478630708e-9	1.926287740428023e-9	1.926288462072989e-9	7.462695350568538e-9
6.309573444801943e-9	7.271911961481692e-9	7.26048554611225e-9	1.926055093193213e-9	1.9260539829701884e-9	7.271911961481692e-9
6.456542290346562e-9	7.085522391037102e-9	7.074614227775555e-9	1.9258158956425575e-9	1.9258159511537087e-9	7.085522391037102e-9
6.606934480075964e-9	6.9034316041438615e-9	6.893016157860643e-9	1.925569842464725e-9	1.9255672611961927e-9	6.9034316041438615e-9
6.760829753919819e-9	6.725537460283704e-9	6.715594302875161e-9	1.92531646181493e-9	1.925315018524998e-9	6.725537460283704e-9
6.918309709189363e-9	6.55174758890098e-9	6.542254737951225e-9	1.925055836959899e-9	1.9250556704264454e-9	6.55174758890098e-9
7.0794578438413736e-9	6.3819687312616225e-9	6.3729053145777925e-9	1.9247876070771497e-9	1.9247892169005354e-9	6.3819687312616225e-9
7.244359600749891e-9	6.216109404988401e-9	6.207456548779078e-9	1.924511383588623e-9	1.92450855251991e-9	6.216109404988401e-9
7.413102413009192e-9	6.054082568596186e-9	6.0458213990699505e-9	1.9242270554720164e-9	1.924224335425606e-9	6.054082568596186e-9
7.58577575029182e-9	5.895799404243007e-9	5.88791282396528e-9	1.9239342896604228e-9	1.9239365656176233e-9	5.895799404243007e-9
7.762471166286927e-9	5.7411764231574125e-9	5.733648222872034e-9	1.9236327530869346e-9	1.9236310322412464e-9	5.7411764231574125e-9
7.943282347242822e-9	5.5901319129247895e-9	5.582945439286391e-9	1.9233225567738543e-9	1.9233254988648696e-9	5.5901319129247895e-9
8.128305161640994e-9	5.442585937487365e-9	5.435724093061367e-9	1.9230024239647037e-9	1.9230022019200987e-9	5.442585937487365e-9
8.317637711026709e-9	5.298455896252108e-9	5.291906690629844e-9	1.922672909770995e-9	1.9226717995479703e-9	5.298455896252108e-9
8.511380382023759e-9	5.1576689585886015e-9	5.151417070692332e-9	1.9223334035700645e-9	1.9223342917484842e-9	5.1576689585886015e-9
8.709635899560797e-9	5.020147852974333e-9	5.014179516038553e-9	1.9219834612727027e-9	1.921986125807962e-9	5.020147852974333e-9
8.912509381337441e-9	4.885819748778886e-9	4.880123194439534e-9	1.921622749812002e-9	1.921623749012724e-9	4.885819748778886e-9
9.120108393559115e-9	4.754613591728685e-9	4.749175275264861e-9	1.9212510471433575e-9	1.92125071407645e-9	4.754613591728685e-9
9.332543007969925e-9	4.626458327550154e-9	4.621267146731611e-9	1.9208675205995007e-9	1.9208670209991396e-9	4.626458327550154e-9
9.549925860214368e-9	4.5012855665049756e-9	4.4963308631906784e-9	1.9204721146692805e-9	1.9204726697807928e-9	4.5012855665049756e-9
9.772372209558111e-9	4.379028695211673e-9	4.37429958921598e-9	1.920064163218882e-9	1.9200641077077307e-9	4.379028695211673e-9
1.e-8	4.259623764824028e-9	4.255109598005902e-9	1.9196434997148515e-9	1.9196448874936323e-9	4.259623764824028e-9
1.0232929922807536e-8	4.1430050501389815e-9	4.138697162758831e-9	1.919209402512223e-9	1.9192114564248186e-9	4.1430050501389815e-9
1.0471285480508984e-8	4.029112155023995e-9	4.025000555074598e-9	1.9187613720106356e-9	1.918760261787611e-9	4.029112155023995e-9
1.071519305237607e-8	3.917882906989689e-9	3.913958712686849e-9	1.918298908609728e-9	1.9183019617230457e-9	3.917882906989689e-9
1.0964781961431851e-8	3.809258686260364e-9	3.805514126042908e-9	1.917821457197988e-9	1.9178223453764076e-9	3.809258686260364e-9
1.1220184543019653e-8	3.7031817612387385e-9	3.699608175367075e-9	1.9173280185746933e-9	1.9173285181750543e-9	3.7031817612387385e-9
1.148153621496884e-8	3.5995952885059523e-9	3.5961851274635137e-9	1.9168189258067514e-9	1.916820480118986e-9	3.5995952885059523e-9
1.1748975549395302e-8	3.4984450891784036e-9	3.4951901373148075e-9	1.9162927911153815e-9	1.9162946784945234e-9	3.4984450891784036e-9
1.202264434617413e-8	3.399675208015651e-9	3.39656924808196e-9	1.915749170411374e-9	1.915751113301667e-9	3.399675208015651e-9
1.2302687708123811e-8	3.3032332424909328e-9	3.3002700572382082e-9	1.9151873975609135e-9	1.9151897845404164e-9	3.3032332424909328e-9
1.2589254117941661e-8	3.209069454612745e-9	3.2062421606582348e-9	1.914606417852127e-9	1.914607139497093e-9	3.209069454612745e-9
1.2882495516931323e-8	3.117132330032746e-9	3.114434599105209e-9	1.914005842706956e-9	1.914006730885376e-9	3.117132330032746e-9
1.3182567385564074e-8	3.027373018937851e-9	3.0247989668552577e-9	1.9133845063912247e-9	1.9133850059915858e-9	3.027373018937851e-9
1.3489628825916533e-8	2.9397435596933974e-9	2.9372881904521364e-9	1.9127422978826303e-9	1.912741964815723e-9	2.9397435596933974e-9
1.3803842646028866e-8	2.85419776702156e-9	2.851855196439601e-9	1.9120771632685774e-9	1.912077607357787e-9	2.85419776702156e-9
1.4125375446227554e-8	2.7706903438229347e-9	2.768454687718247e-9	1.9113889360156122e-9	1.9113883809041e-9	2.7706903438229347e-9
1.4454397707459279e-8	2.6891751048196966e-9	2.687042699456299e-9	1.9106763948784078e-9	1.91067783816834e-9	2.6891751048196966e-9
1.4791083881682072e-8	2.6096094174477003e-9	2.607575488866587e-9	1.909938762700847e-9	1.9099388737231493e-9	2.6096094174477003e-9
1.5135612484362072e-8	2.5319497609643804e-9	2.5300107564518726e-9	1.9091743741483924e-9	1.909175040282207e-9	2.5319497609643804e-9
1.5488166189124795e-8	2.45615794369769e-9	2.454307757027152e-9	1.908382341042625e-9	1.9083827851318347e-9	2.45615794369769e-9
1.5848931924611143e-8	2.3821904449050635e-9	2.380425745407422e-9	1.9075617752051244e-9	1.9075621082720318e-9	2.3821904449050635e-9
1.6218100973589297e-8	2.3100081847360343e-9	2.3083253086753075e-9	1.9067111223236566e-9	1.9067130097027984e-9	2.3100081847360343e-9
1.659586907437563e-8	2.2395729715185553e-9	2.2379685882256695e-9	1.9058289391082894e-9	1.905828383996777e-9	2.2395729715185553e-9
1.698243652461746e-8	2.1708466135805793e-9	2.1693176144310655e-9	1.9049134492021835e-9	1.9049117838676466e-9	2.1708466135805793e-9
1.7378008287493763e-8	2.103794471963738e-9	2.1023360829985904e-9	1.9039640974938266e-9	1.903963209315407e-9	2.103794471963738e-9
1.7782794100389228e-8	2.0383774668175647e-9	2.0369878006576414e-9	1.9029784414925643e-9	1.902979107626379e-9	2.0383774668175647e-9
1.8197008586099826e-8	1.97456362371895e-9	1.9732384615167575e-9	1.9019553709753723e-9	1.9019559260868846e-9	1.97456362371895e-9
1.8620871366628656e-8	1.9123174155311062e-9	1.9110536486621754e-9	1.9008925544738986e-9	1.9008936646969232e-9	1.9123174155311062e-9
1.9054607179632482e-8	1.8516042032956648e-9	1.8504003884700637e-9	1.8997881046090015e-9	1.8997887707428163e-9	1.8997887707428163e-9
1.9498445997580454e-8	1.792393788946356e-9	1.791246151405801e-9	1.898640578090749e-9	1.8986412442245637e-9	1.8986412442245637e-9
1.995262314968883e-8	1.734652421703231e-9	1.7335587410016728e-9	1.8974475324284867e-9	1.8974475324284867e-9	1.8974475324284867e-9
2.0417379446695317e-8	1.6783507916784401e-9	1.6773084032806196e-9	1.896206858198468e-9	1.8962076353545854e-9	1.8962076353545854e-9
2.0892961308540408e-8	1.623456924448874e-9	1.622464385064859e-9	1.8949160018877365e-9	1.894914447575502e-9	1.8949160018877365e-9
2.1379620895022325e-8	1.569942398305102e-9	1.5689969323773312e-9	1.8935725210056376e-9	1.8935715218049154e-9	1.8935725210056376e-9
2.1877616239495518e-8	1.5177779033592742e-9	1.5168775124863032e-9	1.8921737510169123e-9	1.892175305329147e-9	1.892175305329147e-9
2.2387211385683378e-8	1.46693590608038e-9	1.4660781477715545e-9	1.890716916363999e-9	1.8907186927208386e-9	1.8907186927208386e-9
2.29086765276777e-8	1.4173888729374085e-9	1.4165716377689819e-9	1.889199130467034e-9	1.889198131266312e-9	1.889199130467034e-9
2.3442288153199228e-8	1.3691083822209293e-9	1.3683307820144819e-9	1.887616951634641e-9	1.8876171736792458e-9	1.8876171736792458e-9
2.3988329190194897e-8	1.3220713412920304e-9	1.3213300453784882e-9	1.8859672712423503e-9	1.8859651618186035e-9	1.8859672712423503e-9
2.4547089156850335e-8	1.2762484402628615e-9	1.275543781709132e-9	1.8842462035095764e-9	1.884245648398064e-9	1.8842462035095764e-9
2.511886431509582e-8	1.2316174746729303e-9	1.2309470109883591e-9	1.882450417767245e-9	1.882447975276591e-9	1.882450417767245e-9
2.5703957827688646e-8	1.1881544637049046e-9	1.1875156413765353e-9	1.8805752510786533e-9	1.880575695167863e-9	1.880575695167863e-9
2.6302679918953814e-8	1.1458327620061937e-9	1.145225525522875e-9	1.8786168176632145e-9	1.878618149930844e-9	1.878618149930844e-9
2.691534803926914e-8	1.104632829651564e-9	1.1040544589668855e-9	1.8765706766288304e-9	1.876568234138176e-9	1.8765706766288304e-9
2.7542287033381633e-8	1.0645289094668442e-9	1.0639791270250498e-9	1.8744312768603777e-9	1.8744295005035383e-9	1.8744312768603777e-9
2.818382931264455e-8	1.0254996851699616e-9	1.0249778248372365e-9	1.872194177465758e-9	1.8721948435995728e-9	1.8721948435995728e-9
2.8840315031266057e-8	9.875265050141024e-10	9.870289585656167e-10	1.8698533832406383e-9	1.8698536052852432e-9	1.8698536052852432e-9
2.95120922666639e-8	9.505836118250954e-10	9.501114339727224e-10	1.8674031210252906e-9	1.8674057855605497e-9	1.8674057855605497e-9
3.0199517204020194e-8	9.146541302129663e-10	9.142047674437492e-10	1.864836507436962e-9	1.864837173570777e-9	1.864837173570777e-9
3.090295432513592e-8	8.797158557172224e-10	8.792891414977078e-10	1.862147769315925e-9	1.862147769315925e-9	1.862147769315925e-9
3.162277660168379e-8	8.457501365910502e-10	8.45344405586701e-10	1.8593291351010066e-9	1.8593304673686362e-9	1.8593304673686362e-9
3.235936569296281e-8	8.127374329092163e-10	8.123520744973689e-10	1.8563732773202446e-9	1.8563746095878741e-9	1.8563746095878741e-9
3.311311214825908e-8	7.806590929249069e-10	7.802931634159904e-10	1.853271092144837e-9	1.8532730905462813e-9	1.8532730905462813e-9
3.388441561392027e-8	7.494964648913083e-10	7.491491871292055e-10	1.8500148080136114e-9	1.8500152521028213e-9	1.8500152521028213e-9
3.4673685045253164e-8	7.192317852400265e-10	7.189028816689813e-10	1.8465946549639511e-9	1.8465975415438152e-9	1.8465975415438152e-9
3.5481338923357604e-8	6.898481785810873e-10	6.895358728442602e-10	1.8430008630332395e-9	1.8429986425871903e-9	1.8430008630332395e-9
3.6307805477010175e-8	6.613278813460965e-10	6.610315073096729e-10	1.8392216638574155e-9	1.8392221079466253e-9	1.8392221079466253e-9
3.715352290971728e-8	6.336549063234997e-10	6.333731872310011e-10	1.8352468433846525e-9	1.8352466213400476e-9	1.8352468433846525e-9
3.8018939632056126e-8	6.068106017664832e-10	6.065444257963293e-10	1.83106330098326e-9	1.8310650773400994e-9	1.8310650773400994e-9
3.890451449942805e-8	5.807807568203316e-10	5.805288472160441e-10	1.8266581580661523e-9	1.826656159664708e-9	1.8266581580661523e-9
3.981071705534969e-8	5.555502724519101e-10	5.553109638789522e-10	1.8220169817340093e-9	1.8220163156001945e-9	1.8220169817340093e-9
4.073802778041122e-8	5.311013850928248e-10	5.308753436850111e-10	1.817124894998301e-9	1.8171242288644862e-9	1.817124894998301e-9
4.168693834703355e-8	5.0742077206678e-10	5.072067765787835e-10	1.811965466558263e-9	1.8119656886028679e-9	1.8119656886028679e-9
4.265795188015925e-8	4.844924461622213e-10	4.842903300605883e-10	1.806521598979316e-9	1.8065193785332667e-9	1.806521598979316e-9
4.365158322401665e-8	4.623030847028531e-10	4.621114602088028e-10	1.8007746405146463e-9	1.8007746405146463e-9	1.8007746405146463e-9
4.4668359215096346e-8	4.4083670047712076e-10	4.406558451464093e-10	1.7947041630606009e-9	1.7947030528375763e-9	1.7947041630606009e-9
4.570881896148752e-8	4.2007997080872883e-10	4.1990935728541956e-10	1.7882895164689216e-9	1.7882868519336625e-9	1.7882895164689216e-9
4.6773514128719815e-8	4.000186848429621e-10	3.998579800601476e-10	1.7815069419668816e-9	1.7815082742345112e-9	1.7815082742345112e-9
4.78630092322638e-8	3.8064040808194477e-10	3.8048814099411743e-10	1.7743333469155687e-9	1.7743317926033342e-9	1.7743333469155687e-9
4.897788193684456e-8	3.6193004149254193e-10	3.617863231220042e-10	1.766740975739367e-9	1.7667431961854163e-9	1.7667431961854163e-9
5.011872336272725e-8	3.438751505768778e-10	3.4373937030096613e-10	1.758702738996476e-9	1.7587034051302908e-9	1.7587034051302908e-9
5.128613839913648e-8	3.2646152448023713e-10	3.2633390434355647e-10	1.7501888827098355e-9	1.7501911031558848e-9	1.7501911031558848e-9
5.248074602497734e-8	3.0967672870474416e-10	3.095571021738408e-10	1.7411667663225217e-9	1.7411672104117315e-9	1.7411672104117315e-9
5.3703179637025324e-8	2.935092169309428e-10	2.9339589091570417e-10	1.7316030831437956e-9	1.7316033051884006e-9	1.7316033051884006e-9
5.495408738576248e-8	2.779438901256981e-10	2.778380303603001e-10	1.7214614178584497e-9	1.7214603076354251e-9	1.7214614178584497e-9
5.6234132519034905e-8	2.629700901479737e-10	2.6287039212036234e-10	1.710703134705227e-9	1.7107026906160172e-9	1.710703134705227e-9
5.7543993733715665e-8	2.4857449432147405e-10	2.484807914981957e-10	1.6992864892984016e-9	1.6992842688523524e-9	1.6992864892984016e-9
5.8884365535558836e-8	2.347446681483234e-10	2.34656599706895e-10	1.6871699592968525e-9	1.6871695152076427e-9	1.6871699592968525e-9
6.025595860743581e-8	2.2146817713064593e-10	2.2138579858221874e-10	1.6743060271551258e-9	1.674305138976706e-9	1.6743060271551258e-9
6.165950018614822e-8	2.0873347494898553e-10	2.086561479153204e-10	1.6606467312385575e-9	1.660648507595397e-9	1.660648507595397e-9
6.309573444801943e-8	1.965272389270467e-10	1.9645499116371923e-10	1.6461418894664348e-9	1.6461427776448545e-9	1.6461427776448545e-9
6.456542290346562e-8	1.8483881092379306e-10	1.847706987412323e-10	1.6307382111335755e-9	1.6307382111335755e-9	1.6307382111335755e-9
6.606934480075964e-8	1.7365398008450939e-10	1.7359083614998383e-10	1.6143806291779583e-9	1.614381517356378e-9	1.614381517356378e-9
6.760829753919818e-8	1.6296297644657898e-10	1.6290331583679318e-10	1.5970109679130928e-9	1.5970123001807224e-9	1.5970123001807224e-9
6.918309709189362e-8	1.5275158915528664e-10	1.5269621678193346e-10	1.5785706075632788e-9	1.5785737161877478e-9	1.5785737161877478e-9
7.079457843841373e-8	1.4300916006959596e-10	1.429575485767387e-10	1.558998263817557e-9	1.558998263817557e-9	1.558998263817557e-9
7.244359600749892e-8	1.3372325469163115e-10	1.3367525142360392e-10	1.5382335405433878e-9	1.538232652364968e-9	1.5382335405433878e-9
7.413102413009177e-8	1.248814385235164e-10	1.2483709899147044e-10	1.5162142652513921e-9	1.5162129329837626e-9	1.5162142652513921e-9
7.585775750291836e-8	1.1647216524579562e-10	1.164311008716723e-10	1.492878265452191e-9	1.4928787095414009e-9	1.4928787095414009e-9
7.762471166286928e-8	1.08483000360593e-10	1.0844533604448259e-10	1.4681669213700843e-9	1.4681660331916646e-9	1.4681669213700843e-9
7.943282347242822e-8	1.0090328572687213e-10	1.0086761981220604e-10	1.4420225014077914e-9	1.4420216132293717e-9	1.4420225014077914e-9
8.128305161640995e-8	9.371969866833751e-11	9.368605891069137e-11	1.4143912707709205e-9	1.4143921589493402e-9	1.4143921589493402e-9
8.317637711026709e-8	8.691891650869366e-11	8.688824659763839e-11	1.385224823735598e-9	1.385227932360067e-9	1.385227932360067e-9
8.511380382023759e-8	8.049116928532385e-11	8.046233124225921e-11	1.3544831922729372e-9	1.3544827481837274e-9	1.3544831922729372e-9
8.709635899560797e-8	7.442224614351289e-11	7.43963224358879e-11	1.3221335137814094e-9	1.3221352901382488e-9	1.3221352901382488e-9
8.912509381337459e-8	6.870148894222439e-11	6.867791058073891e-11	1.2881549160681516e-9	1.2881571365142008e-9	1.2881571365142008e-9
9.120108393559096e-8	6.331735136200223e-11	6.329520241266096e-11	1.2525394055273864e-9	1.2525411818842258e-9	1.2525411818842258e-9
9.332543007969924e-8	5.825562254813121e-11	5.823594384501973e-11	1.2152963080325208e-9	1.2152980843893602e-9	1.2152980843893602e-9
9.549925860214369e-8	5.3506532537994644e-11	5.348822773587614e-11	1.1764500484900964e-9	1.1764491603116767e-9	1.1764500484900964e-9
9.772372209558111e-8	4.905675865529702e-11	4.9040008165412985e-11	1.136048588534777e-9	1.1360477003563574e-9	1.136048588534777e-9
1.e-7	4.489475458058223e-11	4.4879419625054595e-11	1.0941607619940896e-9	1.0941612060832995e-9	1.0941612060832995e-9
1.0232929922807536e-7	4.100808581597448e-11	4.099452721728625e-11	1.0508793835128927e-9	1.0508820480481518e-9	1.0508820480481518e-9
1.0471285480509007e-7	3.738609422043737e-11	3.7373382166805413e-11	1.0063243571778457e-9	1.0063239130886359e-9	1.0063243571778457e-9
1.0715193052376071e-7	3.4015457117675396e-11	3.4004424276368184e-11	9.606422324281993e-10	9.60643120606619e-10	9.60643120606619e-10
1.0964781961431852e-7	3.0886404545071855e-11	3.087591987638305e-11	9.140053158773753e-10	9.140030954313261e-10	9.140053158773753e-10
1.122018454301963e-7	2.7986502004750946e-11	2.797654469199884e-11	8.666116713129668e-10	8.666098949561274e-10	8.666116713129668e-10
1.148153621496884e-7	2.5303314998836868e-11	2.5294807914910677e-11	8.186851196967382e-10	8.186837874291086e-10	8.186851196967382e-10
1.1748975549395303e-7	2.282707356471292e-11	2.281956568150889e-11	7.704672455588479e-10	7.70469910094107e-10	7.70469910094107e-10
1.2022644346174132e-7	2.0546231382922997e-11	2.0539785150486267e-11	7.22221837889947e-10	7.222205056223174e-10	7.22221837889947e-10
1.2302687708123812e-7	1.84501303124307e-11	1.844455144173196e-11	6.742197911080439e-10	6.742197911080439e-10	6.742197911080439e-10
1.2589254117941662e-7	1.652900039061933e-11	1.652358111448038e-11	6.267417695937638e-10	6.26741325504554e-10	6.267417695937638e-10
1.2882495516931348e-7	1.4770407119613083e-11	1.4766181333225603e-11	5.800679936385222e-10	5.800693259061518e-10	5.800693259061518e-10
1.3182567385564074e-7	1.3166356893634656e-11	1.3162512746411892e-11	5.344706899279572e-10	5.344702458387474e-10	5.344706899279572e-10
1.3489628825916533e-7	1.170619157164765e-11	1.170276375805912e-11	4.902123151850901e-10	4.902105388282507e-10	4.902123151850901e-10
1.380384264602884e-7	1.0380141191035364e-11	1.037724073338353e-11	4.4753134531561045e-10	4.475317894048203e-10	4.475317894048203e-10
1.4125375446227555e-7	9.180212146020494e-12	9.176805149113676e-12	4.066431635862955e-10	4.0664360767550534e-10	4.0664360767550534e-10
1.445439770745928e-7	8.094858117146941e-12	8.092769510081865e-12	3.677338433760724e-10	3.6773428746528225e-10	3.6773428746528225e-10
1.479108388168207e-7	7.117861855476804e-12	7.1163006043484245e-12	3.309534868378705e-10	3.3095304274866066e-10	3.309534868378705e-10
1.5135612484362072e-7	6.24122975523278e-12	6.2393215594092055e-12	2.9641755716625084e-10	2.964206657907198e-10	2.964206657907198e-10
1.5488166189124826e-7	5.456080032217869e-12	5.453928975107658e-12	2.642033258837273e-10	2.6420465815135685e-10	2.6420465815135685e-10
1.584893192461114e-7	4.75441908065477e-12	4.752635784921466e-12	2.343534255544455e-10	2.3435475782207504e-10	2.3435475782207504e-10
1.6218100973589298e-7	4.130029651605582e-12	4.128662689506513e-12	2.0687274115971377e-10	2.0687096480287437e-10	2.0687274115971377e-10
1.6595869074375596e-7	3.5766944961324043e-12	3.5749458948686197e-12	1.8173595961457067e-10	1.8173551552536082e-10	1.8173595961457067e-10
1.6982436524617461e-7	3.086420008457935e-12	3.0851224352979045e-12	1.5888756976778495e-10	1.58884461143316e-10	1.5888756976778495e-10
1.7378008287493765e-7	2.6547652964836743e-12	2.6534607844297398e-12	1.3824807965079344e-10	1.382503000968427e-10	1.382503000968427e-10
1.7782794100389227e-7	2.2746249328520207e-12	2.274222477005594e-12	1.1971712510217003e-10	1.1971934554821928e-10	1.1971934554821928e-10
1.8197008586099824e-7	1.943334382303874e-12	1.9422727315365762e-12	1.0317791065972415e-10	1.0317791065972415e-10	1.0317791065972415e-10
1.8620871366628693e-7	1.652900039061933e-12	1.6527335056082393e-12	8.850342680943868e-11	8.850165045259928e-11	8.850342680943868e-11
1.9054607179632483e-7	1.4015455462867976e-12	1.401073701501332e-12	7.555733816388965e-11	7.555911452072905e-11	7.555911452072905e-11
1.9498445997580455e-7	1.183941833460267e-12	1.1832201884942606e-12	6.420197706802355e-11	6.420464160328265e-11	6.420464160328265e-11
1.9952623149688787e-7	9.956480084838404e-13	9.952455526374138e-13	5.4296123153108056e-11	5.4296123153108056e-11	5.4296123153108056e-11
2.0417379446695318e-7	8.339995360984176e-13	8.337983081752043e-13	4.5701220585669944e-11	4.5698556050410843e-11	4.5701220585669944e-11
2.0892961308540409e-7	6.963318810448982e-13	6.956241138666996e-13	3.82840426027542e-11	3.82840426027542e-11	3.82840426027542e-11
2.1379620895022324e-7	5.773159728050814e-13	5.779612899381448e-13	3.19193560471831e-11	3.19175796903437e-11	3.19193560471831e-11
2.187761623949552e-7	4.778399897986674e-13	4.781591789182471e-13	2.6484592297038034e-11	2.6485480475457734e-11	2.6485480475457734e-11
2.2387211385683422e-7	3.943512183468556e-13	3.937822290467352e-13	2.1869617228276184e-11	2.1870505406695884e-11	2.1870505406695884e-11
2.2908676527677748e-7	3.232969447708456e-13	3.2277652772805254e-13	1.7970513965792634e-11	1.7969625787372934e-11	1.7970513965792634e-11
2.3442288153199228e-7	2.637889906509372e-13	2.633934736984145e-13	1.4694023775518872e-11	1.4694023775518872e-11	1.4694023775518872e-11
2.39883291901949e-7	2.1405099914773018e-13	2.1379426007328561e-13	1.1954881529163686e-11	1.1954881529163686e-11	1.1954881529163686e-11
2.454708915685029e-7	1.7319479184152442e-13	1.7270906926825091e-13	9.675815704213164e-12	9.677592061052565e-12	9.677592061052565e-12
2.5118864315095823e-7	1.3944401189291966e-13	1.3887502259279927e-13	7.792877454448899e-12	7.794653811288299e-12	7.794653811288299e-12
2.570395782768865e-7	1.1102230246251565e-13	1.1102924135641956e-13	6.24211793365248e-12	6.24211793365248e-12	6.24211793365248e-12
2.6302679918953816e-7	8.79296635503124e-14	8.824885266989213e-14	4.9746873287404014e-12	4.977351863999502e-12	4.977351863999502e-12
2.691534803926914e-7	7.016609515630989e-14	6.983996714282625e-14	3.942624005048856e-12	3.943512183468556e-12	3.943512183468556e-12
2.754228703338169e-7	5.417888360170764e-14	5.487971188600227e-14	3.107736290530738e-12	3.105071755271638e-12	3.107736290530738e-12
2.818382931264455e-7	4.263256414560601e-14	4.291705879566621e-14	2.4353852268177434e-12	2.4371615836571436e-12	2.4371615836571436e-12
2.8840315031266057e-7	3.375077994860476e-14	3.325117958752344e-14	1.8971491044794675e-12	1.8971491044794675e-12	1.8971491044794675e-12
2.951209226666384e-7	2.4868995751603507e-14	2.5653090762745023e-14	1.4699352846037073e-12	1.4708234630234074e-12	1.4708234630234074e-12
3.019951720402019e-7	1.9539925233402755e-14	1.9560741915114477e-14	1.1324274851176597e-12	1.1333156635373598e-12	1.1333156635373598e-12
3.090295432513592e-7	1.509903313490213e-14	1.484229406045756e-14	8.668621376273222e-13	8.668621376273222e-13	8.668621376273222e-13
3.162277660168379e-7	1.1546319456101628e-14	1.1275702593849246e-14	6.590283874174929e-13	6.572520305780927e-13	6.590283874174929e-13
3.235936569296281e-7	8.881784197001252e-15	8.396061623727746e-15	4.982680934517703e-13	4.973799150320701e-13	4.982680934517703e-13
3.3113112148259143e-7	6.217248937900877e-15	6.099287741534454e-15	3.739231146937527e-13	3.730349362740526e-13	3.739231146937527e-13
3.3884415613920274e-7	4.440892098500626e-15	4.371503159461554e-15	2.788880237858393e-13	2.7711166694643907e-13	2.788880237858393e-13
3.4673685045253164e-7	2.6645352591003757e-15	3.1086244689504383e-15	2.0694557179012918e-13	2.0605739337042905e-13	2.0694557179012918e-13
3.548133892335753e-7	2.6645352591003757e-15	2.067790383364354e-15	1.5276668818842154e-13	1.5276668818842154e-13	1.5276668818842154e-13
3.6307805477010174e-7	1.7763568394002505e-15	1.3808398868775384e-15	1.1102230246251565e-13	1.1013412404281553e-13	1.1102230246251565e-13
3.715352290971728e-7	8.881784197001252e-16	8.049116928532385e-16	8.171241461241152e-14	8.171241461241152e-14	8.171241461241152e-14
3.8018939632056126e-7	8.881784197001252e-16	4.579669976578771e-16	5.861977570020827e-14	5.684341886080802e-14	5.861977570020827e-14
3.890451449942805e-7	0.	2.2898349882893854e-16	4.1744385725905886e-14	3.907985046680551e-14	4.1744385725905886e-14
3.981071705534977e-7	0.	0.	2.930988785010413e-14	2.842170943040401e-14	2.930988785010413e-14
4.0738027780411303e-7	0.	2.2898349882893854e-16	2.1316282072803006e-14	2.1316282072803006e-14	2.1316282072803006e-14
4.168693834703355e-7	8.881784197001252e-16	3.469446951953614e-16	1.509903313490213e-14	1.7763568394002505e-14	1.7763568394002505e-14
4.2657951880159254e-7	0.	3.400058012914542e-16	1.0658141036401503e-14	1.0658141036401503e-14	1.0658141036401503e-14
4.3651583224016567e-7	8.881784197001252e-16	4.579669976578771e-16	7.105427357601002e-15	7.105427357601002e-15	7.105427357601002e-15
4.466835921509635e-7	8.881784197001252e-16	4.579669976578771e-16	5.329070518200751e-15	7.105427357601002e-15	7.105427357601002e-15
4.5708818961487516e-7	0.	4.579669976578771e-16	3.552713678800501e-15	3.552713678800501e-15	3.552713678800501e-15
4.677351412871981e-7	0.	5.759281940243e-16	1.7763568394002505e-15	3.552713678800501e-15	3.552713678800501e-15
4.78630092322638e-7	8.881784197001252e-16	5.759281940243e-16	1.7763568394002505e-15	3.552713678800501e-15	3.552713678800501e-15
4.897788193684466e-7	8.881784197001252e-16	5.689893001203927e-16	1.7763568394002505e-15	3.552713678800501e-15	3.552713678800501e-15
5.011872336272725e-7	0.	5.689893001203927e-16	1.7763568394002505e-15	3.552713678800501e-15	3.552713678800501e-15
5.128613839913648e-7	0.	5.759281940243e-16	8.881784197001252e-16	0.	8.881784197001252e-16
5.248074602497723e-7	8.881784197001252e-16	5.759281940243e-16	8.881784197001252e-16	0.	8.881784197001252e-16
5.370317963702533e-7	0.	5.759281940243e-16	8.881784197001252e-16	3.552713678800501e-15	3.552713678800501e-15
5.495408738576248e-7	0.	5.759281940243e-16	8.881784197001252e-16	0.	8.881784197001252e-16
5.62341325190349e-7	8.881784197001252e-16	5.759281940243e-16	0.	0.	8.881784197001252e-16
5.754399373371567e-7	0.	5.759281940243e-16	8.881784197001252e-16	3.552713678800501e-15	3.552713678800501e-15
5.888436553555896e-7	8.881784197001252e-16	5.759281940243e-16	0.	0.	8.881784197001252e-16
6.025595860743581e-7	0.	5.759281940243e-16	8.881784197001252e-16	0.	8.881784197001252e-16
6.165950018614822e-7	8.881784197001252e-16	5.759281940243e-16	8.881784197001252e-16	0.	8.881784197001252e-16
6.30957344480193e-7	0.	5.759281940243e-16	8.881784197001252e-16	0.	8.881784197001252e-16
6.456542290346562e-7	8.881784197001252e-16	5.689893001203927e-16	8.881784197001252e-16	0.	8.881784197001252e-16
6.606934480075964e-7	8.881784197001252e-16	5.759281940243e-16	8.881784197001252e-16	0.	8.881784197001252e-16
6.760829753919819e-7	0.	5.759281940243e-16	8.881784197001252e-16	0.	8.881784197001252e-16
6.918309709189363e-7	8.881784197001252e-16	5.759281940243e-16	8.881784197001252e-16	0.	8.881784197001252e-16
7.079457843841387e-7	8.881784197001252e-16	5.759281940243e-16	8.881784197001252e-16	0.	8.881784197001252e-16
7.244359600749906e-7	8.881784197001252e-16	5.759281940243e-16	8.881784197001252e-16	0.	8.881784197001252e-16
7.413102413009177e-7	0.	5.759281940243e-16	0.	0.	5.759281940243e-16
7.585775750291836e-7	8.881784197001252e-16	5.759281940243e-16	0.	0.	8.881784197001252e-16
7.762471166286911e-7	8.881784197001252e-16	5.759281940243e-16	8.881784197001252e-16	0.	8.881784197001252e-16
7.943282347242822e-7	8.881784197001252e-16	5.759281940243e-16	0.	0.	8.881784197001252e-16
8.128305161640995e-7	8.881784197001252e-16	5.689893001203927e-16	8.881784197001252e-16	0.	8.881784197001252e-16
8.317637711026709e-7	8.881784197001252e-16	5.759281940243e-16	0.	0.	8.881784197001252e-16
8.511380382023759e-7	8.881784197001252e-16	5.759281940243e-16	8.881784197001252e-16	3.552713678800501e-15	3.552713678800501e-15
8.709635899560814e-7	0.	5.759281940243e-16	8.881784197001252e-16	0.	8.881784197001252e-16
8.912509381337459e-7	8.881784197001252e-16	5.759281940243e-16	8.881784197001252e-16	0.	8.881784197001252e-16
9.120108393559096e-7	8.881784197001252e-16	5.759281940243e-16	8.881784197001252e-16	3.552713678800501e-15	3.552713678800501e-15
9.332543007969905e-7	8.881784197001252e-16	5.759281940243e-16	8.881784197001252e-16	0.	8.881784197001252e-16
9.549925860214369e-7	0.	5.759281940243e-16	8.881784197001252e-16	0.	8.881784197001252e-16
9.77237220955811e-7	8.881784197001252e-16	5.759281940243e-16	8.881784197001252e-16	0.	8.881784197001252e-16
1.e-6	8.881784197001252e-16	5.759281940243e-16	8.881784197001252e-16	0.	8.881784197001252e-16
