1.e-11	4.608976565070799	8.273637975540245	11.520125527695	27.196390424721756	27.196390424721756
1.0232929922807536e-11	4.623792990597526	8.2382923608525	11.509496850539255	27.134759892308015	27.134759892308015
1.0471285480508986e-11	4.638982897950859	8.20314277443333	11.498675107167157	27.072709009312245	27.072709009312245
1.0715193052376049e-11	4.654555268799108	8.168191336245826	11.487658226693146	27.010225460063268	27.010225460063268
1.0964781961431828e-11	4.670519205551096	8.133440112223374	11.476444189792447	26.947296539867256	26.947296539867256
1.1220184543019653e-11	4.686883919800471	8.098891109488545	11.46503103324024	26.883909142631303	26.883909142631303
1.148153621496884e-11	4.703658718768704	8.064546271433432	11.453416854584692	26.82004974814528	26.82004974814528
1.1748975549395303e-11	4.720852989506802	8.030407472644365	11.441599816963015	26.755704409046572	26.755704409046572
1.202264434617413e-11	4.738476180590956	7.996476513696513	11.429578154055267	26.690858737478468	26.690858737478468
1.2302687708123811e-11	4.756537781017111	7.9627551158066305	11.417350175162367	26.625497891408695	26.625497891408695
1.2589254117941662e-11	4.775047295968723	7.92924491537051	11.40491427040449	26.55960656064999	26.55960656064999
1.2882495516931322e-11	4.7940142190968515	7.895947458382057	11.39226891603682	26.493168952568308	26.493168952568308
1.3182567385564048e-11	4.813448000913725	7.86286419475067	11.379412679861886	26.42616877748006	26.42616877748006
1.348962882591656e-11	4.833358012859154	7.829996472525857	11.36634422674057	26.358589233759545	26.358589233759545
1.3803842646028866e-11	4.853753506554272	7.797345532049068	11.353062324172098	26.290412992657544	26.290412992657544
1.4125375446227554e-11	4.874643567707989	7.76491250004	11.339565847946934	26.221622182834093	26.221622182834093
1.445439770745928e-11	4.896037064088304	7.732698383649397	11.325853787842862	26.15219837463703	26.15219837463703
1.4791083881682073e-11	4.91794258691411	7.700704064476495	11.311925253349372	26.08212256411699	26.08212256411699
1.5135612484362072e-11	4.940368384962438	7.668930292594855	11.297779479409932	26.01137515680803	26.01137515680803
1.5488166189124796e-11	4.963322290621576	7.6373776805962095	11.28341583214316	25.939935951289005	25.939935951289005
1.5848931924611107e-11	4.986811637053988	7.606046697680046	11.268833814537848	25.86778412253643	25.86778412253643
1.621810097358933e-11	5.010843165562601	7.574937663820893	11.254033072084471	25.79489820510223	25.79489820510223
1.659586907437563e-11	5.035422922183465	7.544050744037017	11.239013398318159	25.721256076122444	25.721256076122444
1.698243652461746e-11	5.060556142457756	7.513385942797209	11.223774740248503	25.64683493819901	25.64683493819901
1.7378008287493762e-11	5.086247123265904	7.482943098593908	11.208317203639666	25.57161130216325	25.57161130216325
1.7782794100389227e-11	5.112499080545811	7.452721878722463	11.192641058109059	25.495560969760373	25.495560969760373
1.8197008586099825e-11	5.139313991660483	7.422721774302612	11.176746742011447	25.41865901628165	25.41865901628165
1.8620871366628657e-11	5.166692421139111	7.392942095579935	11.160634867070476	25.340879773171206	25.340879773171206
1.9054607179632443e-11	5.194633328495277	7.3633819675483565	11.144306222717208	25.262196810644433	25.262196810644433
1.9498445997580414e-11	5.2231338568279195	7.334040325937187	11.127761780098961	25.182582920347116	25.182582920347116
1.9952623149688828e-11	5.2521891009539035	7.304915913604768	11.111002695717866	25.1020100980971	25.1020100980971
2.0417379446695317e-11	5.281791853908716	7.276007277381483	11.094030314650443	25.020449526733202	25.020449526733202
2.089296130854041e-11	5.311932330802475	7.247312765413121	11.07684617331521	24.937871559119547	24.937871559119547
2.1379620895022323e-11	5.342597869246202	7.2188305250383875	11.05945200173464	24.854245701329596	24.854245701329596
2.187761623949552e-11	5.373772605893071	7.1905585012585975	11.041849725256926	24.769540596056487	24.769540596056487
2.2387211385683377e-11	5.405437129086971	7.162494435833708	11.024041465686507	24.683724006275497	24.683724006275497
2.29086765276777e-11	5.437568108207004	7.134635867055533	11.006029541786514	24.596762799199674	24.596762799199674
2.344228815319918e-11	5.470137901072743	7.106980130234807	10.9878164691088	24.508622930559877	24.508622930559877
2.3988329190194948e-11	5.50311414175657	7.079524358944624	10.969404959112964	24.41926942923487	24.41926942923487
2.4547089156850335e-11	5.536459312370514	7.052265487055947	10.95079791753752	24.328666382267247	24.328666382267247
2.5118864315095823e-11	5.570130303896261	7.0252002516027625	10.931998441985677	24.236776920283024	24.236776920283024
2.5703957827688646e-11	5.604077972912648	6.998325196500166	10.913009818701443	24.143563203336402	24.143563203336402
2.6302679918953815e-11	5.638246703191511	6.971636677146399	10.893835518503037	24.048986407201266	24.048986407201266
2.6915348039269138e-11	5.672573983558944	6.94513086592515	10.874479191852567	23.953006710109005	23.953006710109005
2.7542287033381634e-11	5.706990016151031	6.9188037586238265	10.854944663053972	23.855583279949478	23.855583279949478
2.8183829312644493e-11	5.741417372172169	6.892651181773718	10.835235923555787	23.756674261921813	23.756674261921813
2.8840315031266117e-11	5.775770715405898	6.866668800910916	10.815357124367184	23.656236766632897	23.656236766632897
2.9512092266663903e-11	5.809956616873279	6.840852129751386	10.795312567585823	23.554226858624244	23.554226858624244
3.019951720402019e-11	5.843873486988736	6.815196540261562	10.775106697051816	23.450599545298985	23.450599545298985
3.090295432513592e-11	5.877411654029344	6.789697273600678	10.754744088148792	23.34530876621752	23.34530876621752
3.1622776601683794e-11	5.910453619357984	6.764349451895219	10.734229436780144	23.23830738271725	23.23830738271725
3.235936569296281e-11	5.942874520199235	6.739148090806541	10.713567547563384	23.129547167802023	23.129547167802023
3.311311214825908e-11	5.974542829362581	6.714088112830951	10.692763321285174	23.018978796240273	23.018978796240273
3.38844156139202e-11	6.005321317665425	6.689164361271144	10.671821741683342	22.906551834798048	22.906551834798048
3.4673685045253096e-11	6.035068298454031	6.6643716148045185	10.65074786161547	22.79221473252666	22.79221473252666
3.548133892335761e-11	6.063639164221386	6.639704602561421	10.62954678869637	22.675914811014856	22.675914811014856
3.6307805477010174e-11	6.0908882127545505	6.615158019624569	10.608223670487801	22.557598254504548	22.557598254504548
3.7153522909717275e-11	6.116670744665808	6.590726542847356	10.586783679335417	22.437210099769402	22.437210099769402
3.801893963205613e-11	6.140845396167482	6.566404846880678	10.565231996953875	22.314694225638213	22.314694225638213
3.8904514499428045e-11	6.16327665155888	6.542187620297247	10.5435737988686	22.189993342049497	22.189993342049497
3.9810717055349695e-11	6.18383746058415	6.518069581691187	10.521814238828677	22.063048978515685	22.063048978515685
4.073802778041122e-11	6.202411868459592	6.494045495629369	10.499958433307109	21.933801471875743	21.933801471875743
4.1686938347033464e-11	6.218897553026323	6.470110188331063	10.478011446211667	21.802189953212384	21.802189953212384
4.2657951880159344e-11	6.233208156169692	6.446258562946089	10.455978273925634	21.668152333817304	21.668152333817304
4.3651583224016655e-11	6.245275297022148	6.42248561430971	10.433863830802593	21.531625290090467	21.531625290090467
4.4668359215096346e-11	6.255050163511295	6.398786443049361	10.411672935234305	21.39254424727034	21.39254424727034
4.570881896148752e-11	6.262504596561888	6.375156268928159	10.389410296405512	21.250843361901115	21.250843361901115
4.6773514128719814e-11	6.26763160670732	6.351590443313128	10.367080501848836	21.106455502964597	21.106455502964597
4.78630092322638e-11	6.270445293944177	6.328084460666152	10.344688005899638	20.959312231619762	20.959312231619762
4.897788193684456e-11	6.270980175572642	6.304633968966337	10.32223711914548	20.80934377952451	20.80934377952451
5.011872336272715e-11	6.269289960249129	6.281234778983962	10.299731998952725	20.656479025741426	20.656479025741426
5.1286138399136583e-11	6.2654458363691035	6.257882872337425	10.277176641140272	20.50064547227504	20.50064547227504
5.248074602497734e-11	6.259534366536579	6.2345744082825565	10.254574872858585	20.341769218336616	20.341769218336616
5.370317963702533e-11	6.2516550954486005	6.211305729196046	10.231930346713167	20.179774933488485	20.179774933488485
5.495408738576248e-11	6.241917985283414	6.188073364732241	10.209246536165649	20.014585829906714	20.014585829906714
5.6234132519034906e-11	6.230440790918225	6.164874034647433	10.186526732218017	19.8461236340872	19.8461236340872
5.7543993733715666e-11	6.217346478193498	6.141704650305753	10.163774041379032	19.67430855844612	19.67430855844612
5.888436553555884e-11	6.202760773759954	6.1185623148912684	10.140991384891798	19.49905927341879	19.49905927341879
6.025595860743569e-11	6.186809916861158	6.095444322372184	10.118181499187848	19.32029288085981	19.32029288085981
6.16595001861481e-11	6.1696186637444885	6.072348155274537	10.095346937515234	19.13792488980113	19.13792488980113
6.309573444801942e-11	6.15130857605631	6.049271481336453	10.072490072680143	18.95186919596902	18.95186919596902
6.456542290346562e-11	6.131996606926949	6.026212149127277	10.049613100823207	18.762038066899606	18.762038066899606
6.606934480075964e-11	6.111793983416666	6.00316818272635	10.026718046145705	18.56834213509026	18.56834213509026
6.760829753919819e-11	6.090805372035612	5.980137775562709	10.003806766488122	18.37069040241758	18.37069040241758
6.918309709189363e-11	6.069128305289161	5.9571192835269295	9.980880959659736	18.168990260125298	18.168990260125298
7.079457843841374e-11	6.0468528414035	5.934111217466927	9.957942170408701	17.96314753013832	17.96314753013832
7.244359600749891e-11	6.024061426242476	5.9111122351859775	9.93499179792453	17.753066535441874	17.753066535441874
7.413102413009162e-11	6.000828925407388	5.88812113305784	9.912031103756082	17.538650209979934	17.538650209979934
7.585775750291851e-11	5.977222795165018	5.865136837375012	9.889061220037574	17.319800262262973	17.319800262262973
7.762471166286927e-11	5.953303362691277	5.842158395540044	9.86608315791073	17.09641741204374	17.09641741204374
7.943282347242822e-11	5.929124188730529	5.8191849672068985	9.843097816040068	16.86840172658877	16.86840172658877
8.128305161640995e-11	5.90473248883372	5.796215815469916	9.820105989122744	16.63565309307672	16.63565309307672
8.317637711026709e-11	5.880169592560624	5.773250298191858	9.797108376302043	16.39807187764219	16.39807187764219
8.511380382023759e-11	5.855471423245095	5.75028785955184	9.774105589401827	16.15555984122839	16.15555984122839
8.709635899560797e-11	5.8306689839672465	5.72732802188355	9.751098160910644	15.908021410088894	15.908021410088894
8.912509381337441e-11	5.805788838186939	5.70437037786562	9.728086551650971	15.655365437844809	15.655365437844809
9.120108393559115e-11	5.7808535760107445	5.681414583112273	9.70507115808287	15.39750765128133	15.39750765128133
9.332543007969924e-11	5.755882259279524	5.658460349203957	9.682052319198828	15.134374050293092	15.134374050293092
9.549925860214369e-11	5.730890840569325	5.635507437184676	9.659030322980861	14.8659056429963	14.8659056429963
9.772372209558111e-11	5.7058925528185025	5.6125556515463995	9.63600541239507	14.592065052892757	14.592065052892757
1.e-10	5.680898267641051	5.589604834705897	9.612977790914876	14.312845753107663	14.312845753107663
1.0232929922807537e-10	5.655916821492525	5.566654861976885	9.589947627567982	14.028284984337594	14.028284984337594
1.0471285480508985e-10	5.630955309744917	5.543705637027704	9.566915061510835	13.7384818217019	13.7384818217019
1.0715193052376048e-10	5.606019349427608	5.520757087811367	9.543880206144193	13.443622390229725	13.443622390229725
1.0964781961431829e-10	5.581113311924858	5.4978091629468935	9.520843152783979	13.14401488650312	13.14401488650312
1.1220184543019652e-10	5.556240527316903	5.474861828529181	9.497803973911584	12.840137781378557	12.840137781378557
1.1481536214968841e-10	5.5314034623207355	5.4519150653378405	9.47476272602768	12.532705151070527	12.532705151070527
1.1748975549395304e-10	5.506603873960724	5.428968866416223	9.45171945213787	12.222753016844269	12.222753016844269
1.2022644346174132e-10	5.4818429411840635	5.406023234988408	9.428674183900874	11.91174884339615	11.91174884339615
1.2302687708123812e-10	5.457121376650915	5.3830781826825405	9.405626943468596	11.601721107368066	11.601721107368066
1.2589254117941662e-10	5.432439520892143	5.360133728027903	9.382577745050417	11.295394342612372	11.295394342612372
1.2882495516931322e-10	5.4077974209422734	5.3371898951956345	9.359526596230525	10.996294502833752	10.996294502833752
1.31825673855641e-10	5.383194895438558	5.314246712952518	9.336473499068825	10.708760358752922	10.708760358752922
1.348962882591656e-10	5.358631588039182	5.291304213800464	9.313418451011641	10.437769845267718	10.437769845267718
1.3803842646028866e-10	5.334107010855627	5.268362433275739	9.290361445639402	10.188494620503453	10.188494620503453
1.4125375446227556e-10	5.309620579432021	5.24542140938404	9.267302473273462	9.965571720399742	9.965571720399742
1.445439770745928e-10	5.2851716406405425	5.222481182150323	9.244241521464527	9.772238212394543	9.772238212394543
1.479108388168207e-10	5.260759494696045	5.1995417932650625	9.221178575381378	9.609634164372867	9.609634164372867
1.5135612484362072e-10	5.236383412337555	5.176603285809178	9.198113618116547	9.476589174145177	9.476589174145177
1.5488166189124796e-10	5.212042648080533	5.153665704044081	9.175046630924125	9.369996964965711	9.369996964965711
1.584893192461111e-10	5.187736450303613	5.130729093254812	9.151977593401835	9.285589826116603	9.285589826116603
1.621810097358933e-10	5.163464068814565	5.107793499635017	9.128906483628267	9.218777355510255	9.218777355510255
1.6595869074375631e-10	5.139224760429554	5.084858970205656	9.10583327826432	9.165285320013934	9.165285320013934
1.698243652461746e-10	5.115017793004021	5.061925552760263	9.082757952626421	9.121503697359426	9.121503697359426
1.7378008287493763e-10	5.090842448271106	5.038993295830634	9.059680480737361	9.084588066489353	9.084588066489353
1.778279410038923e-10	5.066698023772128	5.016062248668704	9.03660083535952	9.0524082223478	9.0524082223478
1.8197008586099825e-10	5.042583834105285	4.993132461240295	9.013518988015361	9.023428260242042	9.023428260242042
1.8620871366628656e-10	5.018499211669426	4.97020398422845	8.990434908997043	8.996572574819645	8.996572574819645
1.9054607179632444e-10	4.994443507038295	4.947276869043286	8.96734856736866	8.971105148558834	8.971105148558834
1.9498445997580414e-10	4.9704160890712386	4.924351167837528	8.944259930962353	8.946531896151058	8.946531896151058
1.9952623149688828e-10	4.9464163448371865	4.9014269335256415	8.92116896637001	8.922526590791353	8.922526590791353
2.0417379446695316e-10	4.922443679411193	4.878504219805929	8.898075638931381	8.898877030709848	8.898877030709848
2.089296130854041e-10	4.898497515586436	4.855583081184802	8.874979912719683	8.875447097993437	8.875447097993437
2.1379620895022325e-10	4.874577293532155	4.832663573002976	8.851881750525129	8.852150642307123	8.852150642307123
2.1877616239495518e-10	4.850682470419764	4.809745751462529	8.828781113836778	8.82893384981314	8.82893384981314
2.2387211385683377e-10	4.826812520032508	4.786829673655157	8.805677962823005	8.805763540373206	8.805763540373206
2.29086765276777e-10	4.802966932369717	4.76391539759157	8.782572256310756	8.78261951936543	8.78261951936543
2.3442288153199274e-10	4.779145213251865	4.741002982231152	8.759463951764038	8.759489652614775	8.759489652614775
2.398832919019495e-10	4.755346883931866	4.718092487512682	8.736353005261007	8.736366740309101	8.736366740309101
2.4547089156850336e-10	4.731571480715264	4.695183974385308	8.713239371470701	8.713246561037806	8.713246561037806
2.511886431509582e-10	4.70781855459109	4.672277504840469	8.690123003628687	8.690126665481479	8.690126665481479
2.570395782768865e-10	4.6840876708742725	4.649373141944124	8.66700385351164	8.667005643212207	8.667005643212207
2.6302679918953814e-10	4.660378408860476	4.626470949869637	8.64388187141161	8.643882683609938	8.643882683609938
2.6915348039269137e-10	4.636690361492568	4.603570993931408	8.620757006109008	8.620757316850813	8.620757316850813
2.754228703338163e-10	4.613023135039995	4.580673340618769	8.597629204845038	8.597629263451367	8.597629263451367
2.8183829312644494e-10	4.589376348789422	4.55777805763084	8.574498413293073	8.574498348229927	8.574498413293073
2.8840315031266117e-10	4.565749634747309	4.534885213911682	8.551364575529462	8.55136445188447	8.551364575529462
2.95120922666639e-10	4.542142637353809	4.5119948796863705	8.528227634003091	8.52822748417777	8.528227634003091
3.0199517204020193e-10	4.518555013207458	4.489107126497548	8.505087529504358	8.505087369328947	8.505087529504358
3.090295432513592e-10	4.494986430800603	4.466222027242652	8.481944201133148	8.481944038182412	8.481944201133148
3.1622776601683795e-10	4.471436570265054	4.443339656211978	8.458797586265751	8.458797424075168	8.458797586265751
3.2359365692962813e-10	4.447905123127576	4.420460089127217	8.435647620521067	8.435647460686024	8.435647620521067
3.3113112148259076e-10	4.424391792075417	4.397583403181	8.412494237725674	8.412494080927516	8.412494237725674
3.38844156139202e-10	4.400896290730378	4.374709677076928	8.389337369877968	8.389337216376138	8.389337369877968
3.46736850452531e-10	4.377418343432673	4.351838991070482	8.366176947111333	8.366176796974795	8.366176947111333
3.5481338923357605e-10	4.353957685033102	4.328971427010782	8.343012897656205	8.343012750870226	8.343012897656205
3.6307805477010177e-10	4.330514060693897	4.30610706838309	8.319845147801233	8.319845004315603	8.319845147801233
3.715352290971728e-10	4.3070872256975505	4.283246000352021	8.296673621853127	8.29667348160348	8.296673621853127
3.801893963205613e-10	4.28367694526386	4.260388309805836	8.27349824209568	8.273498105012742	8.27349824209568
3.8904514499428046e-10	4.260282994374599	4.237534085401452	8.250318928747522	8.25031879476095	8.250318928747522
3.9810717055349694e-10	4.236905157605814	4.214683417610325	8.227135599918752	8.227135468958792	8.227135599918752
4.073802778041122e-10	4.213543228967218	4.1918363987653695	8.203948171566454	8.203948043564495	8.203948171566454
4.1686938347033633e-10	4.190197011748957	4.168993123108664	8.180756557448904	8.180756432337756	8.180756557448904
4.265795188015934e-10	4.166866318375159	4.146153686840267	8.15756066907876	8.157560546792716	8.15756066907876
4.3651583224016655e-10	4.143550970264213	4.123318188167866	8.134360415674786	8.134360296149588	8.134360415674786
4.4668359215096347e-10	4.120250797695713	4.100486727357521	8.111155704112457	8.111155587285296	8.111155704112457
4.5708818961487517e-10	4.096965639683725	4.077659406785443	8.087946438873177	8.087946324682683	8.087946438873177
4.677351412871981e-10	4.073695343856322	4.054836330990756	8.064732521992212	8.064732410378404	8.064732521992212
4.786300923226381e-10	4.050439766341219	4.032017606729397	8.041513853005197	8.041513743909473	8.041513853005197
4.897788193684456e-10	4.027198771657407	4.009203343029117	8.018290328893402	8.018290222258464	8.018290328893402
5.011872336272714e-10	4.003972232612515	3.986393651245558	7.995061844027276	7.995061739797151	7.995061844027276
5.128613839913658e-10	3.9807600302059534	3.9635886451195463	7.971828290108922	7.971828188228901	7.971828290108922
5.248074602497734e-10	3.95756205353762	3.940788440835539	7.948589556112723	7.94858945652933	7.948589556112723
5.370317963702532e-10	3.9343781997219773	3.9179931570812756	7.9253455282246295	7.925345430885621	7.9253455282246295
5.495408738576248e-10	3.9112083738075487	3.89520291510866	7.902096089779841	7.902095994634152	7.902096089779841
5.623413251903491e-10	3.8880524887016907	3.872417838795939	7.878841121198884	7.878841028196629	7.878841121198884
5.754399373371567e-10	3.8649104651003734	3.8496380547111184	7.855580499922029	7.855580409014429	7.855580499922029
5.888436553555884e-10	3.8417822314231884	3.82686369217677	7.832314100342062	7.832314011481458	7.832314100342062
6.025595860743569e-10	3.818667723753107	3.804094883336118	7.809041793735255	7.809041706875078	7.809041793735255
6.165950018614809e-10	3.795566885781324	3.7813317632205603	7.785763448190739	7.785763363285472	7.785763448190739
6.309573444801942e-10	3.7724796687567412	3.7585744698185635	7.762478928537859	7.7624788455430185	7.762478928537859
6.456542290346563e-10	3.749406031440248	3.7358231441460017	7.739188096271849	7.739188015143974	7.739188096271849
6.606934480075964e-10	3.7263459400636014	3.7130779303179993	7.71589080947753	7.715890730174138	7.71589080947753
6.760829753919819e-10	3.703299368292968	3.6903389756222498	7.692586922751099	7.692586845230679	7.692586922751099
6.918309709189363e-10	3.680266297196912	3.6676064305938554	7.669276287119905	7.669276211341877	7.669276287119905
7.079457843841373e-10	3.6572467152188795	3.644880449091791	7.6459587499602035	7.645958675884934	7.6459587499602035
7.244359600749891e-10	3.6342406181540916	3.6221611883769054	7.622634154912854	7.622634082501584	7.622634154912854
7.413102413009192e-10	3.611248009130743	3.59944880919158	7.599302341796786	7.599302271011656	7.599302341796786
7.585775750291851e-10	3.5882688985956603	3.5767434758411247	7.575963146520397	7.575963077324399	7.575963146520397
7.762471166286927e-10	3.565303304303998	3.554045356276732	7.552616400990583	7.552616333347565	7.552616400990583
7.943282347242822e-10	3.5423512513133453	3.5313546221803103	7.529261933019571	7.529261866894188	7.529261933019571
8.128305161640995e-10	3.519412771981945	3.5086714490510245	7.5058995662293055	7.505899501587013	7.5058995662293055
8.317637711026709e-10	3.4964879059710787	3.4859960162936683	7.482529119953475	7.48252905676053	7.482529119953475
8.511380382023759e-10	3.4735767002515248	3.4633285073088587	7.459150409137001	7.459150347360428	7.459150409137001
8.709635899560796e-10	3.450679209114181	3.4406691095851505	7.435763244233062	7.435763183840617	7.435763244233062
8.912509381337441e-10	3.427795494184699	3.4180180147930654	7.41236743109742	7.412367372057606	7.41236743109742
9.120108393559115e-10	3.4049256244421704	3.395375418881044	7.3889627708801076	7.388962713162137	7.3889627708801076
9.332543007969924e-10	3.3820696762417954	3.372741522173451	7.365549059914405	7.365549003488198	7.365549059914405
9.549925860214368e-10	3.359227733341652	3.3501165294705864	7.3421260896029565	7.342126034439115	7.3421260896029565
9.772372209558112e-10	3.336399886933295	3.3275006501507947	7.318693646300996	7.318693592370796	7.318693646300996
1.e-9	3.3135862356764774	3.304894098274668	7.295251511196666	7.295251458472023	7.295251511196666
1.0232929922807536e-9	3.2907868857376945	3.2822970926914143	7.2717994601882285	7.2717994086417015	7.2717994601882285
1.0471285480508984e-9	3.2680019508327627	3.259709857147454	7.24833726375821	7.248337213362987	7.24833726375821
1.0715193052376092e-9	3.2452315522732835	3.237132620397213	7.224864686844325	7.224864637574203	7.224864686844325
1.0964781961431829e-9	3.2224758190170943	3.2145656163162486	7.201381488707149	7.201381440536522	7.201381488707149
1.1220184543019653e-9	3.1997348877225473	3.1920090840166115	7.1778874227943446	7.17788737569818	7.1778874227943446
1.148153621496884e-9	3.177008902806839	3.169463267964714	7.154382236601543	7.154382190555388	7.154382236601543
1.1748975549395303e-9	3.1542980165081573	3.1469284181014627	7.130865671529604	7.130865626509561	7.130865671529604
1.2022644346174132e-9	3.1316023889518165	3.1244047899649336	7.107337462738231	7.107337418720942	7.107337462738231
1.2302687708123811e-9	3.108922188220287	3.1018926448155253	7.083797338995921	7.083797295958554	7.083797338995921
1.2589254117941663e-9	3.0862575904271727	3.0793922497636164	7.06024502252598	7.060244980446235	7.06024502252598
1.2882495516931322e-9	3.0636087797951337	3.056903877899871	7.036680228848714	7.036680187704789	7.036680228848714
1.31825673855641e-9	3.0409759487377324	3.03442780842811	7.013102666619453	7.013102626390044	7.013102666619453
1.3489628825916506e-9	3.0183592979452616	3.011964326800901	6.989512037462555	6.989511998126844	6.989512037462555
1.3803842646028867e-9	2.99575903647448	2.989513724857801	6.965908035801017	6.9659079973386575	6.965908035801017
1.4125375446227555e-9	2.9731753818424274	2.967076300966465	6.9422903486818335	6.9422903110729415	6.9422903486818335
1.445439770745928e-9	2.950608560124091	2.944652360166448	6.918658655596765	6.918658618821915	6.918658655596765
1.4791083881682072e-9	2.928058806054188	2.9222422143159283	6.89501262829855	6.895012592338752	6.89501262829855
1.5135612484362073e-9	2.905526363132898	2.899846182241307	6.871351930612356	6.8713518954490524	6.871351930612356
1.5488166189124797e-9	2.8830114837356415	2.8774645898897395	6.847676218242351	6.847676183857406	6.847676218242351
1.584893192461111e-9	2.8605144292269005	2.855097770484658	6.823985138573288	6.823985104948989	6.823985138573288
1.6218100973589331e-9	2.8380354700780988	2.832746064684325	6.800278330466957	6.800278297585976	6.800278330466957
1.6595869074375631e-9	2.8155748859895704	2.8104098207434594	6.776555424053353	6.776555391898768	6.776555424053353
1.698243652461746e-9	2.793132966016583	2.7880893946779652	6.752816040516395	6.752816009071665	6.752816040516395
1.7378008287493762e-9	2.7707100086995293	2.765785150432833	6.729059791874105	6.729059761123068	6.729059791874105
1.7782794100389228e-9	2.748306322198207	2.7434974600532414	6.705286280753056	6.705286250679915	6.705286280753056
1.8197008586099825e-9	2.7259222244302554	2.7212267038589117	6.681495100156927	6.681495070746244	6.681495100156927
1.8620871366628656e-9	2.7035580432137696	2.6989732706217215	6.657685833228998	6.657685804465686	6.657685833228998
1.9054607179632523e-9	2.681214116414081	2.6767375577466774	6.633858053008454	6.633858024877771	6.633858053008454
1.9498445997580416e-9	2.6588907920947626	2.654519971456243	6.610011322180302	6.610011294667842	6.610011322180302
1.9952623149688828e-9	2.6365884286727965	2.6323209269780397	6.58614519281866	6.586145165910342	6.58614519281866
2.0417379446695317e-9	2.614307395078094	2.6101408487360795	6.562259206123403	6.562259179805462	6.562259206123403
2.089296130854041e-9	2.592048070917122	2.5879801705453636	6.538352892149759	6.538352866408758	6.538352892149759
2.1379620895022324e-9	2.569810846640909	2.565839335810103	6.514425769530841	6.51442574435363	6.514425769530841
2.1877616239495518e-9	2.547596123717291	2.5437187977254143	6.490477345192802	6.490477320566544	6.490477345192802
2.2387211385683377e-9	2.525404314807453	2.521619019482648	6.466507114062479	6.46650708997462	6.466507114062479
2.29086765276777e-9	2.5032358439467925	2.4995404744783034	6.442514558767242	6.442514535205522	6.442514558767242
2.3442288153199275e-9	2.4810911467301064	2.477483646526599	6.4184991493268955	6.418499126279318	6.4184991493268955
2.3988329190194848e-9	2.458970670501105	2.4554490300757283	6.394460342837375	6.394460320292239	6.394460342837375
2.4547089156850337e-9	2.4368748745462305	2.433437130427746	6.370397583145952	6.370397561091803	6.370397583145952
2.511886431509582e-9	2.4148042302929156	2.411448463962288	6.346310300517858	6.346310278943509	6.346310300517858
2.5703957827688646e-9	2.3927592215120743	2.3894835583639007	6.322197911293875	6.322197890188395	6.322197911293875
2.6302679918953816e-9	2.370740344525027	2.3675429528532175	6.2980598175388165	6.298059796891522	6.2980598175388165
2.691534803926914e-9	2.348748108414746	2.3456271984218597	6.273895406680536	6.273895386480987	6.273895406680536
2.7542287033381634e-9	2.326783035241423	2.323736858071118	6.249704051139201	6.249704031377188	6.249704051139201
2.8183829312644493e-9	2.3048456602624388	2.3018725070544384	6.225485107946589	6.225485088612146	6.225485107946589
2.8840315031266117e-9	2.282936532156582	2.2800347331236686	6.2012379183550985	6.201237899438471	6.2012379183550985
2.95120922666639e-9	2.261056213252653	2.258224136779133	6.176961807436161	6.176961788927834	6.176961807436161
3.019951720402019e-9	2.239205279762283	2.2364413315234155	6.152656083667753	6.152656065558418	6.152656083667753
3.090295432513592e-9	2.2173843220171037	2.214686944118997	6.128320038510738	6.128320020791293	6.128320038510738
3.1622776601683795e-9	2.1955939447101063	2.1929616148495916	6.103952945973631	6.1039529286351915	6.103952945973631
3.235936569296281e-9	2.173834767141222	2.1712659977852318	6.07955406216553	6.0795540451994015	6.07955406216553
3.3113112148259078e-9	2.15210742346709	2.1496007610510715	6.055122624836822	6.055122608234523	6.055122624836822
3.3884415613920344e-9	2.1304125629549278	2.127966587099841	6.030657852907311	6.0306578366605414	6.030657852907311
3.4673685045253096e-9	2.1087508502405123	2.106364172987981	6.00615894598145	6.006158930082105	6.00615894598145
3.5481338923357603e-9	2.087122965590118	2.0847942306552802	5.981625083850188	5.981625068290338	5.981625083850188
3.6307805477010177e-9	2.065529605166499	2.06325748720816	5.9570554259792265	5.957055410751128	5.9570554259792265
3.715352290971728e-9	2.0439714812986596	2.0417546852063326	5.932449110983062	5.9324490960791465	5.932449110983062
3.8018939632056126e-9	2.022449322755496	2.020286582952916	5.907805256084606	5.907805241497474	5.907805256084606
3.890451449942805e-9	2.000963875023115	1.998853954787851	5.883122956559831	5.883122942282256	5.883122956559831
3.981071705534969e-9	1.9795159005857785	1.9774575913845602	5.85840128516706	5.858401271191976	5.85840128516706
4.073802778041122e-9	1.9581061792103451	1.9560983000497274	5.833639291560437	5.833639277880938	5.833639291560437
4.168693834703363e-9	1.936735508234107	1.9347769050261157	5.808836001687122	5.808835988296465	5.808836001687122
4.2657951880159165e-9	1.915404702855887	1.9134942477982917	5.783990417167757	5.783990404059349	5.783990417167757
4.365158322401665e-9	1.8941145964302022	1.8922511874010652	5.759101514659633	5.7591015018270255	5.759101514659633
4.466835921509635e-9	1.872866040764479	1.8710486007306477	5.734168245202226	5.734168232639121	5.734168245202226
4.570881896148752e-9	1.8516599064189547	1.8498873828581754	5.709189533544373	5.709189521244614	5.709189533544373
4.6773514128719815e-9	1.8304970830092593	1.8287684473455756	5.684164277452743	5.684164265410317	5.684164277452743
4.78630092322638e-9	1.8093784795113779	1.8076927265635139	5.659091347000973	5.659091335209997	5.659091347000973
4.897788193684457e-9	1.7883050245688077	1.786661172011231	5.633969583838918	5.633969572293648	5.633969583838918
5.011872336272715e-9	1.7672776668017027	1.7656747546380585	5.608797800441485	5.6087977891363	5.608797800441485
5.128613839913658e-9	1.7462973751177104	1.7447344651663408	5.583574779336404	5.583574768265819	5.583574779336404
5.248074602497734e-9	1.7253651390242908	1.7238413144155633	5.558299272310438	5.558299261469092	5.558299272310438
5.370317963702533e-9	1.704481968942166	1.7029963336273186	5.532969999593288	5.532969988975935	5.532969999593288
5.495408738576248e-9	1.68364889651966	1.6822005747909052	5.507585649018694	5.50758563862021	5.507585649018694
5.623413251903491e-9	1.6628669749475566	1.6614551109691735	5.482144875162018	5.4821448649774	5.482144875162018
5.754399373371567e-9	1.6421372792741273	1.640761036624282	5.456646298453682	5.45664628847803	5.456646298453682
5.888436553555884e-9	1.6214609067199754	1.620119467943027	5.431088504267793	5.431088494496326	5.431088504267793
6.025595860743593e-9	1.600838976992252	1.5995315431612913	5.405470041985254	5.405470032413298	5.405470041985254
6.16595001861481e-9	1.5802726325978886	1.578998422887264	5.379789424030741	5.379789414653725	5.379789424030741
6.309573444801943e-9	1.5597630391552606	1.558521290422874	5.354045124882713	5.354045115696174	5.354045124882713
6.456542290346562e-9	1.5393113857039697	1.5381013520830946	5.3282355800559165	5.328235571055487	5.3282355800559165
6.606934480075964e-9	1.518918885012047	1.5177398375124553	5.30235918505548	5.3023591762368945	5.30235918505548
6.760829753919819e-9	1.4985867738801382	1.497437999998328	5.276414294302001	5.27641428566109	5.276414294302001
6.918309709189363e-9	1.4783163134420692	1.4771971167803521	5.250399220026826	5.250399211559518	5.250399220026826
7.0794578438413736e-9	1.4581087894611207	1.4570184893553864	5.22431223113677	5.224312222839078	5.22431223113677
7.244359600749891e-9	1.43796551262139	1.4369034437773436	5.1981515520475545	5.198151543915586	5.1981515520475545
7.413102413009192e-9	1.4178878188135418	1.4168533309511955	5.171915361485185	5.171915353515139	5.171915361485185
7.58577575029182e-9	1.3978770694141875	1.3968695269204379	5.145601791254545	5.1456017834427	5.145601791254545
7.762471166286927e-9	1.377934651558074	1.3769534331471578	5.119208924974343	5.119208917317064	5.119208924974343
7.943282347242822e-9	1.3580619784023664	1.357106476784027	5.092734796777891	5.092734789271624	5.092734796777891
8.128305161640994e-9	1.3382604893819838	1.3373301109371483	5.066177389978676	5.066177382619951	5.066177389978676
8.317637711026709e-9	1.3185316504551823	1.3176258149189923	5.039534635700241	5.0395346284856615	5.039534635700241
8.511380382023759e-9	1.2988769543383514	1.29799509449037	5.012804411469518	5.012804404395766	5.012804411469518
8.709635899560797e-9	1.2792979207289985	1.2784394820904137	4.985984539772975	4.9859845328368095	4.985984539772975
8.912509381337441e-9	1.2597960965158173	1.2589605370535044	4.959072786574868	4.959072779773123	4.959072786574868
9.120108393559115e-9	1.2403730559747048	1.2395598458119623	4.93206685979698	4.932066853126553	4.93206685979698
9.332543007969925e-9	1.2210304009495214	1.2202390220833397	4.9049644077592385	4.904964401217104	4.9049644077592385
9.549925860214368e-9	1.20176976101627	1.2009997070409786	4.877763017580599	4.877763011163797	4.877763017580599
9.772372209558111e-9	1.1825927936294232	1.1818435694665599	4.850460213539761	4.850460207245398	4.850460213539761
1.e-8	1.1635011842489256	1.1627723058832033	4.823053455395185	4.823053449220431	4.823053455395185
1.0232929922807536e-8	1.144496646446437	1.1437876406676386	4.7955401366640755	4.79554013060617	4.7955401366640755
1.0471285480508984e-8	1.1255809219892248	1.1248913261399134	4.767917582859988	4.767917576916226	4.767917582859988
1.071519305237607e-8	1.1067557809000972	1.1060851426289955	4.740183049688865	4.740183043856607	4.740183049688865
1.0964781961431851e-8	1.088023021491674	1.0873708985125836	4.712333721203407	4.712333715480071	4.712333721203407
1.1220184543019653e-8	1.0693844703731763	1.0687504302293063	4.6843667079157365	4.684366702298803	4.6843667079157365
1.148153621496884e-8	1.0508419824278992	1.0502256022614909	4.656279044868571	4.656279039355567	4.656279044868571
1.1748975549395302e-8	1.0323974407593832	1.0317983070864916	4.628067689665145	4.628067684253661	4.628067689665145
1.202264434617413e-8	1.014052756604249	1.0134704650945807	4.599729520458409	4.5997295151460875	4.599729520458409
1.2302687708123811e-8	0.9958098692095696	0.9952440244712505	4.57126133390015	4.571261328684695	4.57126133390015
1.2589254117941661e-8	0.9776707456725324	0.9771209610416949	4.542659843050946	4.5426598379300955	4.542659843050946
1.2882495516931323e-8	0.9596373807400846	0.9591032780751728	4.513921675252096	4.5139216702236595	4.513921675252096
1.3182567385564074e-8	0.941711796566155	0.9411930060468249	4.4850433699609615	4.485043365022779	4.4850433699609615
1.3489628825916533e-8	0.9238960424239142	0.9233922023544429	4.456021376551474	4.456021371701443	4.456021376551474
1.3803842646028866e-8	0.9061921943704734	0.9057029509875675	4.426852052081865	4.4268520473179365	4.426852052081865
1.4125375446227554e-8	0.8886023548613364	0.8881273621462399	4.3975316590321984	4.397531654352356	4.3975316590321984
1.4454397707459279e-8	0.8711286523117403	0.8706675718065521	4.368056363014518	4.368056358416798	4.368056363014518
1.4791083881682072e-8	0.8537732406020302	0.853325741230137	4.33842223045916	4.338422225941645	4.33842223045916
1.5135612484362072e-8	0.8365382985240206	0.8361040564145529	4.30862522628111	4.308625221841929	4.30862522628111
1.5488166189124795e-8	0.8194260291652542	0.8190047274814781	4.278661211531053	4.278661207168362	4.278661211531053
1.5848931924611143e-8	0.8024386592279251	0.8020299879994901	4.248525941036322	4.248525936748333	4.248525941036322
1.6218100973589297e-8	0.7855784382791962	0.7851820942381514	4.218215061037841	4.218215056822803	4.218215061037841
1.659586907437563e-8	0.768847637929464	0.7684633243499646	4.187724106829839	4.187724102686044	4.187724106829839
1.698243652461746e-8	0.7522485509351275	0.751875977476759	4.157048500410217	4.157048496335985	4.157048500410217
1.7378008287493763e-8	0.7357834902222375	0.7354223727768755	4.126183548150329	4.12618354414403	4.126183548150329
1.7782794100389228e-8	0.7194547878273907	0.7191048483695299	4.095124438494224	4.095124434554258	4.095124438494224
1.8197008586099826e-8	0.7032647937521137	0.7029257601925968	4.0638662396985765	4.063866235823383	4.0638662396985765
1.8620871366628656e-8	0.6872158747269275	0.6868874807700021	4.0324038976260095	4.032403893814063	4.0324038976260095
1.9054607179632482e-8	0.6713104128812093	0.6709923978848582	4.000732233606062	4.000732229855874	4.000732233606062
1.9498445997580454e-8	0.6555508043149407	0.6552429131544124	3.9688459423798217	3.968845938689938	3.9688459423798217
1.995262314968883e-8	0.6399394575683308	0.6396414405028189	3.936739590146106	3.936739586515099	3.936739590146106
2.0417379446695317e-8	0.6244787919853563	0.6241904045277643	3.9044076127293503	3.9044076091558324	3.9044076127293503
2.0892961308540408e-8	0.609171235967132	0.6088922387568796	3.8718443138915646	3.8718443103741826	3.8718443138915646
2.1379620895022325e-8	0.5940192251111442	0.5937493837899519	3.839043863813501	3.8390438603509303	3.839043863813501
2.1877616239495518e-8	0.5790252002322838	0.5787642853228936	3.8060002977729694	3.806000294363919	3.8060002977729694
2.2387211385683378e-8	0.5641916052617235	0.5639393920495019	3.7727075150515126	3.772707511694719	3.7727075150515126
2.29086765276777e-8	0.5495208850196844	0.5492771534370752	3.739159278104196	3.739159274798425	3.739159278104196
2.3442288153199228e-8	0.535015482858265	0.5347800173720363	3.7053492120312024	3.705349208775253	3.7053492120312024
2.3988329190194897e-8	0.5206778381705659	0.5204504276718213	3.6712708043942834	3.671270801186985	3.6712708043942834
2.4547089156850335e-8	0.5065103837624871	0.5062908214593995	3.6369174054258813	3.6369174022660893	3.6369174054258813
2.511886431509582e-8	0.49251554308376466	0.4923036263969976	3.6022822286841842	3.602282225570786	3.6022822286841842
2.5703957827688646e-8	0.47869572731494525	0.4784912577757383	3.5673583522130503	3.567358349144957	3.5673583522130503
2.6302679918953814e-8	0.46505333230732493	0.46485611545819655	3.5321387202724273	3.5321387172485856	3.5321387202724273
2.691534803926914e-8	0.4515907353730455	0.4514005806711046	3.496616145711922	3.4966161427312983	3.496616145711922
2.7542287033381633e-8	0.43831029192294757	0.43812701264577786	3.4607833130681307	3.4607833101297203	3.4607833130681307
2.818382931264455e-8	0.42521433195009095	0.4250377451041868	3.424632782475042	3.4246327795778697	3.424632782475042
2.8840315031266057e-8	0.4123051563572888	0.4121350825890245	3.3881569944864536	3.3881569916295717	3.3881569944864536
2.95120922666639e-8	0.399585033127444	0.39942129663656034	3.3513482759198743	3.35134827310236	3.3513482759198743
3.0199517204020194e-8	0.387056193336055	0.38689862179164314	3.314198846843123	3.31419884406408	3.314198846843123
3.090295432513592e-8	0.37472082700576337	0.37456925146473546	3.276700828837526	3.2767008260960893	3.276700828837526
3.162277660168379e-8	0.3625810788035455	0.3624353336315798	3.2388462546858237	3.238846251981151	3.2388462546858237
3.235936569296281e-8	0.3506390435818112	0.3504989663767596	3.200627079648259	3.2006270769795364	3.200627079648259
3.311311214825908e-8	0.3388967617654748	0.3387621932832371	3.1620351945072884	3.1620351918737235	3.1620351945072884
3.388441561392027e-8	0.3273562145879598	0.32722699867080085	3.1230624405799308	3.123062437980767	3.1230624405799308
3.4673685045253164e-8	0.3160193191799854	0.31589530268730526	3.083700626917035	3.0837006243515397	3.083700626917035
3.5481338923357604e-8	0.30488792351603067	0.3047689562575814	3.0439415499308042	3.043941547398269	3.0439415499308042
3.6307805477010175e-8	0.29396380122449983	0.29384973589604746	3.0037770157161443	3.003777013215892	3.0037770157161443
3.715352290971728e-8	0.283248646268742	0.2831393383901729	2.963198865357368	2.963198862888749	2.963198865357368
3.8018939632056126e-8	0.2727440675074071	0.27263937536327965	2.9221990035402867	2.9221990011026797	2.9221990035402867
3.890451449942805e-8	0.2624515831439389	0.2623513677264883	2.8807694308201373	2.8807694284129504	2.8807694308201373
3.981071705534969e-8	0.2523726150764807	0.2522767400310726	2.838902279928738	2.838902277551412	2.838902279928738
4.073802778041122e-8	0.24250848316097962	0.2424168147340131	2.7965898565393577	2.7965898541913567	2.7965898565393577
4.168693834703355e-8	0.23286039940188719	0.23277280639115772	2.7538246849451697	2.7538246826259964	2.7538246849451697
4.265795188015925e-8	0.22342946208656222	0.22334581579408133	2.710599559146714	2.7105995568559003	2.710599559146714
4.365158322401665e-8	0.21421664988122568	0.21413682406849616	2.666907599885074	2.6669075976221883	2.666907599885074
4.4668359215096346e-8	0.2052228159081677	0.20514668675391942	2.622742318200594	2.6227423159652368	2.622742318200594
4.570881896148752e-8	0.19644868182578357	0.1963761278861616	2.578097686140719	2.578097683932519	2.578097686140719
4.6773514128719815e-8	0.1878948319349707	0.1878257341061748	2.5329682152850586	2.532968213103697	2.5329682152850586
4.78630092322638e-8	0.17956170733738563	0.17949594882074998	2.4873490437992585	2.4873490416444355	2.4873490437992585
4.897788193684456e-8	0.1714496001730641	0.1713870664425726	2.44123603277108	2.4412360306425533	2.44123603277108
5.011872336272725e-8	0.16355864796692376	0.16349922673913858	2.3946258726201304	2.394625870517686	2.3946258726201304
5.128613839913648e-8	0.15588882811565252	0.15583240932204107	2.3475162004050842	2.347516198328563	2.3475162004050842
5.248074602497734e-8	0.148439952548439	0.14838642831007326	2.2999057288759275	2.2999057268252017	2.2999057288759275
5.3703179637025324e-8	0.14121166259693219	0.14116092720152848	2.2517943881308566	2.251794386105857	2.2517943881308566
5.495408738576248e-8	0.13420342411158082	0.13415537399284122	2.2031834807328936	2.2031834787335924	2.2031834807328936
5.6234132519034905e-8	0.1274145228632424	0.12736905658246098	2.154075851115821	2.1540758491422487	2.154075851115821
5.7543993733715665e-8	0.12084406027047834	0.12080107850034638	2.1044760700554037	2.104476068107637	2.1044760700554037
5.8884365535558836e-8	0.1144909494942965	0.114450355004858	2.0543906348931493	2.054390632971323	2.0543906348931493
6.025595860743581e-8	0.1083539119432686	0.10831560958994671	2.0038281860666802	2.003828184170988	2.0038281860666802
6.165950018614822e-8	0.10243147423279542	0.10239537094641216	1.9527997403126762	1.952799738443371	1.9527997403126762
6.309573444801943e-8	0.09672196564286129	0.09668797042155666	1.9013189406530429	1.901318938810448	1.9013189406530429
6.456542290346562e-8	0.09122351611884838	0.09119154002179788	1.8494023229389152	1.8494023211234065	1.8494023229389152
6.606934480075964e-8	0.08593405485977623	0.08590401100259201	1.7970695982943616	1.7970695965063896	1.7970695982943616
6.760829753919818e-8	0.080851309537743	0.08082311308942966	1.7443439502564817	1.7443439484965673	1.7443439502564817
6.918309709189362e-8	0.07597280619121971	0.07594637437254494	1.6912523447327068	1.691252343001441	1.6912523447327068
7.079457843841373e-8	0.07129586983323044	0.07127112191636267	1.6378258500730882	1.6378258483711328	1.6378258500730882
7.244359600749892e-8	0.06681762581327444	0.06679448312251271	1.5840999635687636	1.5840999618968574	1.5840999635687636
7.413102413009177e-8	0.06253500196902273	0.06251338788245678	1.5301149395250624	1.5301149378840115	1.5301149395250624
7.585775750291836e-8	0.05844473160046082	0.058424571552346045	1.47591611271157	1.4759161111022614	1.47591611271157
7.762471166286928e-8	0.0545433572949765	0.05452457877865151	1.4215542094629012	1.4215542078862917	1.4215542094629012
7.943282347242822e-8	0.0508272356272661	0.05080976819837245	1.36708563700725	1.3670856354643597	1.36708563700725
8.128305161640995e-8	0.04729254275238848	0.04727631803218443	1.3125727397648101	1.3125727382567298	1.3125727397648101
8.317637711026709e-8	0.04393528090428145	0.043920232582805425	1.2580840094389818	1.2580840079668683	1.2580840094389818
8.511380382023759e-8	0.040751285805229465	0.040737349644086186	1.2036942337993861	1.203694232364441	1.2036942337993861
8.709635899560797e-8	0.03773623498445211	0.03772334881894428	1.1494845672413598	1.1494845658448298	1.1494845672413598
8.912509381337459e-8	0.03488565699589241	0.03487376073628785	1.0955425046517262	1.0955425032948902	1.0955425046517262
9.120108393559096e-8	0.0321949415169378	0.032183977148567335	1.0419617390040563	1.0419617376882222	1.0419617390040563
9.332543007969924e-8	0.02965935030066813	0.02964926188264095	0.9888418826737628	0.98884188140023	0.9888418826737628
9.549925860214369e-8	0.027274028945073248	0.027264762607332675	0.9362880329584491	0.9362880317285125	0.9362880329584491
9.772372209558111e-8	0.025034019433015864	0.025025523371488237	0.8844101639794402	0.884410162794353	0.8844101639794402
1.e-7	0.022934273387052784	0.02292649785666455	0.8333223302854802	0.8333223291464407	0.8333223302854802
1.0232929922807536e-7	0.020969665973585627	0.020962563278905416	0.7831416722939122	0.7831416712020385	0.7831416722939122
1.0471285480509007e-7	0.01913501038127663	0.019128534864567615	0.7339872203209064	0.733987219277207	0.7339872203209064
1.0715193052376071e-7	0.017425072789494678	0.017419180815994632	0.6859785023714182	0.6859785013767699	0.6859785023714182
1.0964781961431852e-7	0.01583458773394586	0.01582923767418422	0.6392339709060528	0.6392339699611718	0.6392339709060528
1.122018454301963e-7	0.014358273768630525	0.014353425977635448	0.5938692750855283	0.5938692741909399	0.5938692750855283
1.148153621496884e-7	0.01299084931619543	0.012986466109471413	0.5499954168877799	0.5499954160437994	0.5499954168877799
1.1748975549395303e-7	0.01172704859272411	0.01172309421889018	0.5077168411470088	0.5077168403537193	0.5077168411470088
1.2022644346174132e-7	0.010561637488144093	0.010558078098186048	0.4671295199472625	0.4671295192045051	0.4671295199472625
1.2302687708123812e-7	0.00948942928005092	0.009486232893142134	0.42831909979470595	0.428319099102044	0.42831909979470595
1.2589254117941662e-7	0.008505300056775411	0.008502436522687631	0.39135918450612683	0.39135918386286406	0.39135918450612683
1.2882495516931348e-7	0.00760420372531545	0.007601644683443931	0.3563098268869087	0.3563098262920761	0.3563098268869087
1.3182567385564074e-7	0.006781186481151558	0.006778905316253421	0.32321629746714065	0.32321629691950804	0.32321629746714065
1.3489628825916533e-7	0.006031400620299721	0.00602937241505426	0.29210818872283406	0.29210818822091866	0.29210818872283406
1.380384264602884e-7	0.005350117579005165	0.005348319063551293	0.2629988987699763	0.26299889831206613	0.2629988987699763
1.4125375446227555e-7	0.004732740093400523	0.004731149592042065	0.2358855204541186	0.23588552003829832	0.2358855204541186
1.445439770745928e-7	0.004174813380095621	0.004173410755408544	0.2107491414838094	0.21074914110798204	0.2107491414838094
1.479108388168207e-7	0.003672035249025818	0.0036708018436134165	0.18755554046826983	0.18755554013019804	0.18755554046826983
1.5135612484362072e-7	0.003220265071702144	0.0032191836478869043	0.16625624418171725	0.16625624387906157	0.16625624418171725
1.5488166189124826e-7	0.002815531541215499	0.0028145862189828605	0.14678989469310189	0.14678989442344204	0.14678989469310189
1.584893192461114e-7	0.002454039174695666	0.0024532153682175206	0.12908386242067715	0.12908386218157375	0.12908386242067715
1.6218100973589298e-7	0.0021321735241430773	0.0021314578772269333	0.11305603345447812	0.11305603324347402	0.11305603345447812
1.6595869074375596e-7	0.0018465050773768255	0.0018458853982031773	0.09861669685099317	0.09861669666568318	0.09861669685099317
1.6982436524617461e-7	0.0015937918470152468	0.0015932570425314374	0.08567045974145815	0.08567045957948594	0.08567045974145815
1.7378008287493765e-7	0.0013709806615676001	0.0013705206718953242	0.0741181242888076	0.0741181241479083	0.0741181242888076
1.7782794100389227e-7	0.0011752071885444693	0.0011748129217775752	0.06385846978085397	0.06385846965886444	0.06385846978085397
1.8197008586099824e-7	0.0010037947347694143	0.001003458002504093	0.05478989433893844	0.054789894233817193	0.05478989433893844
1.8620871366628693e-7	0.0008542518833447588	0.000853965337290985	0.04681188275182668	0.04681188266167169	0.04681188275182668
1.9054607179632483e-7	0.0007242690398703289	0.000724026109855766	0.039826278845547236	0.039826278768586576	0.039826278845547236
1.9498445997580455e-7	0.0006117139721277809	0.0006115088058044893	0.033738351805238764	0.033738351739852845	0.033738351805238764
1.9952623149688787e-7	0.0005146264374662479	0.000514453841981663	0.028457655442593044	0.02845765538730305	0.028457655442593044
2.0417379446695318e-7	0.000431212000220782	0.00043106738610022843	0.023898687249169548	0.023898687202635216	0.023898687249169548
2.0892961308540409e-7	0.000359835147670573	0.0003597144751202874	0.019981360089976974	0.019981360050998376	0.019981360089976974
2.1379620895022324e-7	0.00029901181713931635	0.0002989115449450186	0.016631303629752736	0.01663130359725784	0.016631303629752736
2.187761623949552e-7	0.0002474014488527132	0.0002473184860161959	0.013780015213959551	0.013780015186995342	0.013780015213959551
2.2387211385683422e-7	0.00020379867913700167	0.00020373033935500162	0.011364881181843423	0.011364881159579454	0.011364881181843423
2.2908676527677748e-7	0.00016712478651381701	0.00016706874557404633	0.009329089732447393	0.009329089714153582	0.009329089732447393
2.3442288153199228e-7	0.00013641899938665603	0.00013637325550987234	0.007621455758432205	0.0076214557434752805	0.007621455758432205
2.39883291901949e-7	0.00011082976842669012	0.00011079260556324383	0.0061961767490581465	0.006196176736889214	0.0061961767490581465
2.454708915685029e-7	0.00008960609971975231	0.00008957605377440253	0.0050125371526981155	0.005012537142849993	0.0050125371526981155
2.5118864315095823e-7	0.00007208903642652587	0.00007206486435657605	0.0040345766543996575	0.004034576646468224	0.0040345766543996575
2.570395782768865e-7	0.00005770336738919468	0.00005768401909122395	0.003230735801207807	0.0032307357948546667	0.003230735801207807
2.6302679918953816e-7	0.000045949631052089046	0.000045934223942264985	0.002573490399286449	0.0025734903942264964	0.002573490399286449
2.691534803926914e-7	0.000036396472565591864	0.0000363842687274088	0.0020389841841783607	0.002038984180167347	0.0020389841841783607
2.754228703338169e-7	0.000028673401208045846	0.00002866378697213845	0.001606667476471202	0.001606667473311063	0.001606667476471202
2.818382931264455e-7	0.00002246398459604393	0.00002245645240989136	0.0012589479078952692	0.0012589479054163633	0.0012589479078952692
2.8840315031266057e-7	0.00001749950581064752	0.00001749363823130845	0.0009808578510268617	0.00098085784909685	0.0009808578510268617
2.951209226666384e-7	0.000013553099667440449	0.000013548555325572365	0.0007597419126614824	0.0007597419111640136	0.0007597419126614824
3.019951720402019e-7	0.000010434375214529723	0.000010430876582874504	0.000584966752349203	0.0005849667511981238	0.000584966752349203
3.090295432513592e-7	7.984523190174286e-6	7.981845993924874e-6	0.0004476545549385591	0.0004476545540583743	0.0004476545549385591
3.162277660168379e-7	6.071899791848523e-6	6.069863896861205e-6	0.00034044070771699353	0.00034044070704553064	0.00034044070771699353
3.235936569296281e-7	4.588071726985277e-6	4.586533356637501e-6	0.00025725559587641555	0.0002572555953719302	0.00025725559587641555
3.3113112148259143e-7	3.444302236310648e-6	3.443147370350841e-6	0.0001931299209383397	0.00019312992055731115	0.0001931299209383397
3.3884415613920274e-7	2.568453564499862e-6	2.5675923687323854e-6	0.00014402255187029311	0.00014402255158429966	0.00014402255187029311
3.4673685045253164e-7	1.9022781350130913e-6	1.9016403062580012e-6	0.00010666962460259555	0.00010666962439387362	0.00010666962460259555
3.548133892335753e-7	1.3990685632236932e-6	1.398599459467853e-6	0.00007845339963896691	0.00007845339948531205	0.00007845339963896691
3.6307805477010174e-7	1.021635340769933e-6	1.021292789754602e-6	0.000057289257372694635	0.000057289257259895976	0.000057289257372694635
3.715352290971728e-7	7.405806181637331e-7	7.403323040930387e-7	0.00004152914499222504	0.000041529144912288984	0.00004152914499222504
3.8018939632056126e-7	5.32836801347969e-7	5.326581426351451e-7	0.000029879776680452608	0.000029879776619168297	0.000029879776680452608
3.890451449942805e-7	3.8043959094125057e-7	3.8031203052762974e-7	0.00002133392023306868	0.000021333920187771582	0.00002133392023306868
3.981071705534977e-7	2.695065006719233e-7	2.694161354496738e-7	0.000015113168950087186	0.000015113168920777298	0.000015113168950087186
4.0738027780411303e-7	1.8939366253079015e-7	1.8933015967503852e-7	0.000010620689247176074	0.000010620689227636149	0.000010620689247176074
4.168693834703355e-7	1.3200581694405855e-7	1.3196155584926927e-7	7.4025444716241395e-6	7.4025444547487496e-6	7.4025444716241395e-6
4.2657951880159254e-7	9.123658006870983e-8	9.120598838674443e-8	5.116317129960635e-6	5.116317122855207e-6	5.116317129960635e-6
4.3651583224016567e-7	6.251844375526616e-8	6.24974819882218e-8	3.5058795342379767e-6	3.505879526244371e-6	3.5058795342379767e-6
4.466835921509635e-7	4.246425611142968e-8	4.2450018028494796e-8	2.3812918445997866e-6	2.381291839270716e-6	2.3812918445997866e-6
4.5708818961487516e-7	2.8584197231396047e-8	2.8574612967458002e-8	1.602932829136705e-6	1.6029328264721698e-6	1.602932829136705e-6
4.677351412871981e-7	1.9064457568163107e-8	1.9058064973376254e-8	1.0690892571219024e-6	1.0690892580100808e-6	1.0690892580100808e-6
4.78630092322638e-7	1.2595794629532975e-8	1.2591571452169603e-8	7.063424396491769e-7	7.063424369846416e-7	7.063424396491769e-7
4.897788193684466e-7	8.242024840399154e-9	8.239261432840816e-9	4.621935740800609e-7	4.6219357585641774e-7	4.6219357585641774e-7
5.011872336272725e-7	5.340130115882857e-9	5.338339062466169e-9	2.9946227630972544e-7	2.99462275421547e-7	2.9946227630972544e-7
5.128613839913648e-7	3.4251463887358113e-9	3.4239982446560013e-9	1.9207463797243918e-7	1.9207464063697444e-7	1.9207464063697444e-7
5.248074602497723e-7	2.174271429566943e-9	2.1735419783452947e-9	1.2192853482417831e-7	1.2192853304782147e-7	1.2192853482417831e-7
5.370317963702533e-7	1.3656844544129854e-9	1.3652269384434312e-9	7.658495704276902e-8	7.658495704276902e-8	7.658495704276902e-8
5.495408738576248e-7	8.485594449325617e-10	8.482747074212149e-10	4.758579308372646e-8	4.758579308372646e-8	4.758579308372646e-8
5.62341325190349e-7	5.214335629943889e-10	5.21258300412164e-10	2.9241341792385356e-8	2.9241341792385356e-8	2.9241341792385356e-8
5.754399373371567e-7	3.1680080780915887e-10	3.1669494804376086e-10	1.776606683989712e-8	1.776606950443238e-8	1.776606950443238e-8
5.888436553555896e-7	1.9025225839186533e-10	1.9018858016250917e-10	1.0669514161065763e-8	1.0669513272887343e-8	1.0669514161065763e-8
6.025595860743581e-7	1.1290346435544052e-10	1.1286586942826915e-10	6.331986490692998e-9	6.331987378871418e-9	6.331987378871418e-9
6.165950018614822e-7	6.618972037131243e-11	6.616827225025546e-11	3.712421481338879e-9	3.7124223695172986e-9	3.7124223695172986e-9
6.30957344480193e-7	3.8323122453221004e-11	3.8310160599408505e-11	2.149678657303866e-9	2.149675992768607e-9	2.149678657303866e-9
6.456542290346562e-7	2.190603254348389e-11	2.189827486009932e-11	1.2290328754716029e-9	1.2290328754716029e-9	1.2290328754716029e-9
6.606934480075964e-7	1.2357226353287842e-11	1.2353069955839402e-11	6.93583857014346e-10	6.935856333711854e-10	6.935856333711854e-10
6.760829753919819e-7	6.87716550373807e-12	6.874154023783774e-12	3.8623326759079646e-10	3.8623326759079646e-10	3.8623326759079646e-10
6.918309709189363e-7	3.772981926886132e-12	3.77118475336502e-12	2.1216894907638562e-10	2.1216806089796592e-10	2.1216894907638562e-10
7.079457843841387e-7	2.0383694732117874e-12	2.0379253840019373e-12	1.149373929365538e-10	1.149373929365538e-10	1.149373929365538e-10
7.244359600749906e-7	1.0835776720341528e-12	1.0834458330499785e-12	6.138467512073476e-11	6.138378694231506e-11	6.138467512073476e-11
7.413102413009177e-7	5.648814749292796e-13	5.651382140037242e-13	3.2311042730270856e-11	3.2311930908690556e-11	3.2311930908690556e-11
7.585775750291836e-7	2.8688162956314045e-13	2.8763103010476243e-13	1.6757262244482263e-11	1.6758150422901963e-11	1.6758150422901963e-11
7.762471166286911e-7	1.412203687323199e-13	1.4162976347265044e-13	8.561151787489507e-12	8.562039965909207e-12	8.562039965909207e-12
7.943282347242822e-7	6.572520305780927e-14	6.580846978465615e-14	4.3085535139653075e-12	4.309441692385008e-12	4.309441692385008e-12
8.128305161640995e-7	2.7533531010703882e-14	2.7151891845988985e-14	2.1369572777985013e-12	2.1387336346379016e-12	2.1387336346379016e-12
8.317637711026709e-7	7.993605777301127e-15	7.70911112724093e-15	1.0453859999870474e-12	1.0444978215673473e-12	1.0453859999870474e-12
8.511380382023759e-7	1.7763568394002505e-15	2.067790383364354e-15	5.062616992290714e-13	5.044853423896711e-13	5.062616992290714e-13
8.709635899560814e-7	6.217248937900877e-15	6.675215935558754e-15	2.4424906541753444e-13	2.4158453015843406e-13	2.4424906541753444e-13
8.912509381337459e-7	8.881784197001252e-15	8.971989817752046e-15	1.1812772982011666e-13	1.1723955140041653e-13	1.1812772982011666e-13
9.120108393559096e-7	9.769962616701378e-15	1.001282390333813e-14	5.950795411990839e-14	5.684341886080802e-14	5.950795411990839e-14
9.332543007969905e-7	1.0658141036401503e-14	1.0470790900996008e-14	3.2862601528904634e-14	3.197442310920451e-14	3.2862601528904634e-14
9.549925860214369e-7	1.0658141036401503e-14	1.0699774399824946e-14	2.042810365310288e-14	2.1316282072803006e-14	2.1316282072803006e-14
9.77237220955811e-7	1.0658141036401503e-14	1.0699774399824946e-14	1.509903313490213e-14	1.4210854715202004e-14	1.509903313490213e-14
1.e-6	1.0658141036401503e-14	1.0817735596191369e-14	1.2434497875801753e-14	1.4210854715202004e-14	1.4210854715202004e-14
